{"schemaVersion":"1.0","appDefinitionTemplate":{"id":"/providers/Microsoft.PowerApps/apps/","type":"Microsoft.PowerApps/apps","tags":{"primaryDeviceWidth":"1366","primaryDeviceHeight":"768","sienaVersion":"20210419T202055Z-3.21041.29.0","deviceCapabilities":"","supportsPortrait":"false","supportsLandscape":"true","primaryFormFactor":"Tablet","publisherVersion":"3.21041.29","minimumRequiredApiVersion":"2.2.0","hasComponent":"false","hasUnlockedComponent":"false","isUnifiedRootApp":"false"},"properties":{"appVersion":"2021-04-19T20:20:55Z","lifeCycleId":"Published","createdByClientVersion":{"major":3,"minor":21041,"build":29,"revision":0,"majorRevision":0,"minorRevision":0},"minClientVersion":{"major":3,"minor":21041,"build":29,"revision":0,"majorRevision":0,"minorRevision":0},"backgroundColor":"rgba(104, 101, 171, 1)","backgroundImageUri":"/5755688928175086419/Nac2de801-01d9-4bd6-b912-ecf69a16ac46-logoSmallFile","displayName":"Request-a-team","description":"","commitMessage":"","appUris":{"documentUri":{"value":"/5755688928175086419/N2ffca5c9-c5a5-4078-823f-c7aa2fbee887-document.msapp"},"imageUris":[]},"createdTime":"0001-01-01T00:00:00Z","lastModifiedTime":"0001-01-01T00:00:00Z","sharedGroupsCount":0,"sharedUsersCount":0,"icons":{"smallIconUri":"/5755688928175086419/N010076b5-a969-4905-8fb7-9dc79327c6ec-small.png","mediumIconUri":"/5755688928175086419/N19dd3a67-d1bc-4cb8-b5df-9dc22587fa67-medium.png","largeIconUri":"/5755688928175086419/Naec7af83-e686-44d7-91e3-478cd0815d8a-large.png","wideIconUri":"/5755688928175086419/N1284b5e8-db26-44d2-9865-7921cad86304-wide.png"},"connectionReferences":{"9d5036a3-8b23-4125-a5cc-7dc0dbb2f8cb":{"id":"68498893-6daa-4587-a701-240ca27eff9d","displayName":"Office 365 Users","iconUri":"https://connectoricons-prod.azureedge.net/releases/v1.0.1460/1.0.1460.2389/office365users/icon.png","dataSources":["Office365Users"],"dependencies":[],"dependents":[],"parameterHints":{},"isOnPremiseConnection":false,"bypassConsent":false,"dataSets":{},"apiTier":"Standard","isCustomApiConnection":false,"actions":["MyProfile","MyProfileV2"]},"a65df3f8-e66c-4cbd-b13f-458b7e96f677":{"id":"186fca12-832d-4052-adec-86b1930ed6a8","displayName":"Office 365 Groups","iconUri":"https://connectoricons-prod.azureedge.net/releases/v1.0.1459/1.0.1459.2387/office365groups/icon.png","dataSources":["Office365Groups"],"dependencies":[],"dependents":[],"parameterHints":{},"isOnPremiseConnection":false,"bypassConsent":false,"dataSets":{},"apiTier":"Standard","isCustomApiConnection":false,"actions":["ListGroupMembers"]},"86b33c7f-7bba-449f-a683-4b841543ee05":{"id":"dd66a3d1-fb7e-431b-838c-39bfa529bd8f","displayName":"SharePoint","iconUri":"https://connectoricons-prod.azureedge.net/releases/v1.0.1458/1.0.1458.2381/sharepointonline/icon.png","dataSources":["Teams Requests","Teams Templates","Team Request Settings"],"dependencies":[],"dependents":["14c37329-71cb-4e91-9356-939f0be4f408"],"parameterHints":{},"isOnPremiseConnection":false,"bypassConsent":false,"dataSets":{"https://m365x765471.sharepoint.com/sites/RequestateamappDevelopment":{"dataSources":{"Teams Requests":{"tableName":"42966618-0581-42b8-8990-42a1a0f577b3"},"Teams Templates":{"tableName":"a079de17-7ce6-4e3d-9439-33aab6eeac3f"},"Team Request Settings":{"tableName":"226610b3-8342-4d35-b991-f952e4519cf0"}}}},"apiTier":"Standard","isCustomApiConnection":false},"14c37329-71cb-4e91-9356-939f0be4f408":{"id":"0b164192-7516-4273-9107-778720d9f982","displayName":"Logic flows","iconUri":"https://connectoricons-prod.azureedge.net/releases/v1.0.1438/1.0.1438.2324/logicflows/icon.png","dataSources":["CheckTeamAvailability"],"dependencies":["86b33c7f-7bba-449f-a683-4b841543ee05"],"dependents":[],"parameterHints":{"workflowName":{"value":"fd17e8ac-5a6b-4e14-9851-a7d3f69a4985"},"86b33c7f-7bba-449f-a683-4b841543ee05":{"value":"shared_sharepointonline"}},"isOnPremiseConnection":false,"bypassConsent":false,"dataSets":{},"apiTier":"Standard","isCustomApiConnection":false,"actions":["Run"]}},"databaseReferences":{},"almMode":"Environment","performanceOptimizationEnabled":false,"canConsumeAppPass":true,"executionRestrictions":{"isTeamsOnly":false,"dataLossPreventionEvaluationResult":{"status":"Compliant","lastEvaluationDate":"2020-10-19T12:44:06.5680077Z","violationDetails":[]}}},"isAppComponentLibrary":false,"appType":"ClassicCanvasApp","appComponents":[]}}