{"schemaVersion":"1.0","appDefinitionTemplate":{"id":"/providers/Microsoft.PowerApps/apps/","type":"Microsoft.PowerApps/apps","tags":{"primaryDeviceWidth":"1366","primaryDeviceHeight":"768","sienaVersion":"6a344fc9-9bec-4d3d-82b3-9cdac4f8d558","deviceCapabilities":"","supportsPortrait":"false","supportsLandscape":"true","primaryFormFactor":"Tablet","publisherVersion":"3.21093.33","minimumRequiredApiVersion":"2.2.0","hasComponent":"false","hasUnlockedComponent":"false","isUnifiedRootApp":"false"},"properties":{"appVersion":"2021-10-04T21:22:04Z","lifeCycleId":"Published","createdByClientVersion":{"major":3,"minor":21093,"build":33,"revision":0,"majorRevision":0,"minorRevision":0},"minClientVersion":{"major":3,"minor":21093,"build":33,"revision":0,"majorRevision":0,"minorRevision":0},"backgroundColor":"rgba(104, 101, 171, 1)","backgroundImageUri":"/5755688928175086419/N9383ddd1-d2bc-4d95-871d-046f5e708a1d-logoSmallFile","displayName":"Request-a-team","description":"","commitMessage":"","appUris":{"documentUri":{"value":"/5755688928175086419/N3917d96d-4257-4b0f-ba29-9fff067b59e0-document.msapp"},"imageUris":[]},"createdTime":"0001-01-01T00:00:00Z","lastModifiedTime":"0001-01-01T00:00:00Z","sharedGroupsCount":0,"sharedUsersCount":0,"icons":{"smallIconUri":"/5755688928175086419/N5a867dec-3f3b-4f53-acca-8e147f658d10-small.png","mediumIconUri":"/5755688928175086419/Nf8a6959d-4784-4352-8878-f9a490c0f67d-medium.png","largeIconUri":"/5755688928175086419/N07b5d652-6efe-4a4f-87f7-cd6ec81f1a5f-large.png","wideIconUri":"/5755688928175086419/N76620cda-1517-4372-be66-8413d0e54ebd-wide.png"},"connectionReferences":{"9d5036a3-8b23-4125-a5cc-7dc0dbb2f8cb":{"id":"68498893-6daa-4587-a701-240ca27eff9d","displayName":"Office 365 Users","iconUri":"https://connectoricons-prod.azureedge.net/releases/v1.0.1510/1.0.1510.2537/office365users/icon.png","dataSources":["Office365Users"],"dependencies":[],"dependents":[],"parameterHints":{},"parameterHintsV2":{},"isOnPremiseConnection":false,"bypassConsent":false,"dataSets":{},"apiTier":"Standard","isCustomApiConnection":false,"actions":["MyProfile","MyProfileV2"]},"a65df3f8-e66c-4cbd-b13f-458b7e96f677":{"id":"186fca12-832d-4052-adec-86b1930ed6a8","displayName":"Office 365 Groups","iconUri":"https://connectoricons-prod.azureedge.net/releases/v1.0.1507/1.0.1507.2528/office365groups/icon.png","dataSources":["Office365Groups"],"dependencies":[],"dependents":[],"parameterHints":{},"parameterHintsV2":{},"isOnPremiseConnection":false,"bypassConsent":false,"dataSets":{},"apiTier":"Standard","isCustomApiConnection":false,"actions":["ListGroupMembers"]},"86b33c7f-7bba-449f-a683-4b841543ee05":{"id":"dd66a3d1-fb7e-431b-838c-39bfa529bd8f","displayName":"SharePoint","iconUri":"https://connectoricons-prod.azureedge.net/releases/v1.0.1518/1.0.1518.2564/sharepointonline/icon.png","dataSources":["Teams Requests","Teams Templates","Team Request Settings","IP Labels","Bulk Testing"],"dependencies":[],"dependents":["cc2fbc26-eb1d-4a42-8f00-fa650c73a8ea"],"parameterHints":{},"parameterHintsV2":{},"isOnPremiseConnection":false,"bypassConsent":false,"dataSets":{"https://m365x765471.sharepoint.com/sites/RequestateamappDevelopment":{"dataSources":{"Teams Requests":{"tableName":"42966618-0581-42b8-8990-42a1a0f577b3"},"Teams Templates":{"tableName":"a079de17-7ce6-4e3d-9439-33aab6eeac3f"},"Team Request Settings":{"tableName":"226610b3-8342-4d35-b991-f952e4519cf0"},"IP Labels":{"tableName":"7c6a66f6-285e-414a-93e0-b778a7ced531"},"Bulk Testing":{"tableName":"f110f250-b218-4365-8d07-13e89bf47ee6"}}}},"apiTier":"Standard","isCustomApiConnection":false,"actions":["providers/PowerPlatform.Governance/Operations/Read"]},"cc2fbc26-eb1d-4a42-8f00-fa650c73a8ea":{"id":"0b164192-7516-4273-9107-778720d9f982","displayName":"Logic flows","iconUri":"https://connectoricons-prod.azureedge.net/releases/v1.0.1438/1.0.1438.2324/logicflows/icon.png","dataSources":["CheckTeamAvailability"],"dependencies":["86b33c7f-7bba-449f-a683-4b841543ee05"],"dependents":[],"parameterHints":{"workflowName":{"value":"ff356298-d0aa-41e0-ab0c-5ff42ae1dc9f"},"workflowEntityId":{"value":"e180a7ba-fc74-eb11-a812-0022481a692b"},"86b33c7f-7bba-449f-a683-4b841543ee05":{"value":"shared_sharepointonline"}},"parameterHintsV2":{"shared_sharepointonline":{"value":"86b33c7f-7bba-449f-a683-4b841543ee05"}},"isOnPremiseConnection":false,"bypassConsent":false,"dataSets":{},"apiTier":"Standard","isCustomApiConnection":false,"actions":["Run"]}},"databaseReferences":{},"almMode":"Solution","performanceOptimizationEnabled":false,"canConsumeAppPass":true,"executionRestrictions":{"isTeamsOnly":false,"dataLossPreventionEvaluationResult":{"status":"Compliant","lastEvaluationDate":"2020-10-19T12:44:06.5680077Z","violationDetails":[]}}},"appType":"ClassicCanvasApp","appComponents":[]}}