{"schemaVersion":"1.0","appDefinitionTemplate":{"id":"/providers/Microsoft.PowerApps/apps/","type":"Microsoft.PowerApps/apps","tags":{"primaryDeviceWidth":"1366","primaryDeviceHeight":"768","sienaVersion":"20211117T105448Z-3.21112.22.0","deviceCapabilities":"","supportsPortrait":"false","supportsLandscape":"true","primaryFormFactor":"Tablet","publisherVersion":"3.21112.22","minimumRequiredApiVersion":"2.2.0","hasComponent":"false","hasUnlockedComponent":"false","isUnifiedRootApp":"false"},"properties":{"appVersion":"2021-11-17T10:54:48Z","lifeCycleId":"Published","createdByClientVersion":{"major":3,"minor":21112,"build":22,"revision":0,"majorRevision":0,"minorRevision":0},"minClientVersion":{"major":3,"minor":21112,"build":22,"revision":0,"majorRevision":0,"minorRevision":0},"backgroundColor":"rgba(104, 101, 171, 1)","backgroundImageUri":"/5755688928175086419/N13dc82f6-ce0c-4e35-9ff5-b685d161426a-logoSmallFile","displayName":"Request-a-team","description":"","commitMessage":"","appUris":{"documentUri":{"value":"/5755688928175086419/N98f81405-0ceb-48f2-9567-c7a191c0d786-document.msapp"},"imageUris":[]},"createdTime":"0001-01-01T00:00:00Z","lastModifiedTime":"0001-01-01T00:00:00Z","sharedGroupsCount":0,"sharedUsersCount":0,"icons":{"smallIconUri":"/5755688928175086419/N0dcae5ce-3acf-4c7a-9571-711566a58ba9-small.png","mediumIconUri":"/5755688928175086419/N7da431ac-c578-4f12-b173-d3c6e4a5be52-medium.png","largeIconUri":"/5755688928175086419/N0625c86d-cfa0-499a-bb28-fda92561f39d-large.png","wideIconUri":"/5755688928175086419/N468f2840-d0de-4a46-a451-5ada9e66fbeb-wide.png"},"connectionReferences":{"9d5036a3-8b23-4125-a5cc-7dc0dbb2f8cb":{"id":"68498893-6daa-4587-a701-240ca27eff9d","displayName":"Office 365 Users","iconUri":"https://connectoricons-prod.azureedge.net/releases/v1.0.1528/1.0.1528.2589/office365users/icon.png","dataSources":["Office365Users"],"dependencies":[],"dependents":[],"parameterHints":{},"parameterHintsV2":{},"isOnPremiseConnection":false,"bypassConsent":false,"dataSets":{},"apiTier":"Standard","isCustomApiConnection":false,"actions":["MyProfile","MyProfileV2"]},"a65df3f8-e66c-4cbd-b13f-458b7e96f677":{"id":"186fca12-832d-4052-adec-86b1930ed6a8","displayName":"Office 365 Groups","iconUri":"https://connectoricons-prod.azureedge.net/releases/v1.0.1525/1.0.1525.2578/office365groups/icon.png","dataSources":["Office365Groups"],"dependencies":[],"dependents":[],"parameterHints":{},"parameterHintsV2":{},"isOnPremiseConnection":false,"bypassConsent":false,"dataSets":{},"apiTier":"Standard","isCustomApiConnection":false,"actions":["ListGroupMembers"]},"86b33c7f-7bba-449f-a683-4b841543ee05":{"id":"dd66a3d1-fb7e-431b-838c-39bfa529bd8f","displayName":"SharePoint","iconUri":"https://connectoricons-prod.azureedge.net/releases/v1.0.1533/1.0.1533.2600/sharepointonline/icon.png","dataSources":["Teams Requests","Teams Templates","Team Request Settings","IP Labels"],"dependencies":[],"dependents":["513733be-1aa8-45ab-b33e-cdb721b03e13"],"parameterHints":{},"parameterHintsV2":{},"isOnPremiseConnection":false,"bypassConsent":false,"dataSets":{"https://m365x765471.sharepoint.com/sites/RequestateamappDevelopment":{"dataSources":{"Teams Requests":{"tableName":"42966618-0581-42b8-8990-42a1a0f577b3"},"Teams Templates":{"tableName":"a079de17-7ce6-4e3d-9439-33aab6eeac3f"},"Team Request Settings":{"tableName":"226610b3-8342-4d35-b991-f952e4519cf0"},"IP Labels":{"tableName":"7c6a66f6-285e-414a-93e0-b778a7ced531"}}}},"apiTier":"Standard","isCustomApiConnection":false,"actions":["providers/PowerPlatform.Governance/Operations/Read"]},"513733be-1aa8-45ab-b33e-cdb721b03e13":{"id":"0b164192-7516-4273-9107-778720d9f982","displayName":"Logic flows","iconUri":"https://connectoricons-prod.azureedge.net/releases/v1.0.1534/1.0.1534.2605/logicflows/icon.png","dataSources":["CheckTeamAvailability"],"dependencies":["86b33c7f-7bba-449f-a683-4b841543ee05"],"dependents":[],"parameterHints":{"workflowName":{"value":"ff356298-d0aa-41e0-ab0c-5ff42ae1dc9f"},"workflowEntityId":{"value":"e180a7ba-fc74-eb11-a812-0022481a692b"},"86b33c7f-7bba-449f-a683-4b841543ee05":{"value":"shared_sharepointonline"}},"parameterHintsV2":{"workflowName":{"value":"ff356298-d0aa-41e0-ab0c-5ff42ae1dc9f"},"workflowEntityId":{"value":"e180a7ba-fc74-eb11-a812-0022481a692b"},"shared_sharepointonline":{"value":"86b33c7f-7bba-449f-a683-4b841543ee05"}},"isOnPremiseConnection":false,"bypassConsent":false,"dataSets":{},"apiTier":"Standard","isCustomApiConnection":false,"actions":["Run"]}},"databaseReferences":{},"almMode":"Solution","performanceOptimizationEnabled":false,"canConsumeAppPass":true,"executionRestrictions":{"isTeamsOnly":false,"dataLossPreventionEvaluationResult":{"status":"Compliant","lastEvaluationDate":"2020-10-19T12:44:06.5680077Z","violationDetails":[]}}},"appType":"ClassicCanvasApp","appComponents":[]}}