{"schemaVersion":"1.0","appDefinitionTemplate":{"id":"/providers/Microsoft.PowerApps/apps/","type":"Microsoft.PowerApps/apps","tags":{"primaryDeviceWidth":"1366","primaryDeviceHeight":"768","sienaVersion":"20210513T100511Z-3.21051.17.0","deviceCapabilities":"","supportsPortrait":"false","supportsLandscape":"true","primaryFormFactor":"Tablet","publisherVersion":"3.21051.17","minimumRequiredApiVersion":"2.2.0","hasComponent":"false","hasUnlockedComponent":"false","isUnifiedRootApp":"false"},"properties":{"appVersion":"2021-05-13T10:05:11Z","lifeCycleId":"Published","createdByClientVersion":{"major":3,"minor":21051,"build":17,"revision":0,"majorRevision":0,"minorRevision":0},"minClientVersion":{"major":3,"minor":21051,"build":17,"revision":0,"majorRevision":0,"minorRevision":0},"backgroundColor":"rgba(104, 101, 171, 1)","backgroundImageUri":"/11152489165231977339/N40c7634f-5482-43ee-a215-cbd2709a327f-logoSmallFile","displayName":"Request-a-team","description":"","commitMessage":"","appUris":{"documentUri":{"value":"/11152489165231977339/N606771d9-6881-4fa6-a589-7f4834b62796-document.msapp"},"imageUris":[]},"createdTime":"0001-01-01T00:00:00Z","lastModifiedTime":"0001-01-01T00:00:00Z","sharedGroupsCount":0,"sharedUsersCount":0,"icons":{"smallIconUri":"/11152489165231977339/Nd7e20cf2-836d-4c2e-932f-dff51fd095ea-small.png","mediumIconUri":"/11152489165231977339/N82555a4a-f01e-402b-9c2e-9d17da0ee5ff-medium.png","largeIconUri":"/11152489165231977339/Nf32bc91e-0e04-4347-a480-8a9d60011ae3-large.png","wideIconUri":"/11152489165231977339/Nc7eb0ee5-2cfd-4d7a-99a9-52104f6539d6-wide.png"},"connectionReferences":{"9d5036a3-8b23-4125-a5cc-7dc0dbb2f8cb":{"id":"4458604f-df69-4408-9305-7b84b677fc96","displayName":"Office 365 Users","iconUri":"https://connectoricons-prod.azureedge.net/releases/v1.0.1460/1.0.1460.2389/office365users/icon.png","dataSources":["Office365Users"],"dependencies":[],"dependents":[],"parameterHints":{},"isOnPremiseConnection":false,"bypassConsent":false,"dataSets":{},"apiTier":"Standard","isCustomApiConnection":false,"actions":["MyProfile","MyProfileV2"]},"a65df3f8-e66c-4cbd-b13f-458b7e96f677":{"id":"70776e35-d735-4657-a8bd-9ae6caef63d7","displayName":"Office 365 Groups","iconUri":"https://connectoricons-prod.azureedge.net/releases/v1.0.1464/1.0.1464.2404/office365groups/icon.png","dataSources":["Office365Groups"],"dependencies":[],"dependents":[],"parameterHints":{},"isOnPremiseConnection":false,"bypassConsent":false,"dataSets":{},"apiTier":"Standard","isCustomApiConnection":false,"actions":["ListGroupMembers"]},"86b33c7f-7bba-449f-a683-4b841543ee05":{"id":"9635214e-b2f7-4747-b3dc-e55c0931c993","displayName":"SharePoint","iconUri":"https://connectoricons-prod.azureedge.net/releases/v1.0.1465/1.0.1465.2409/sharepointonline/icon.png","dataSources":["Team Request Settings","Teams Requests","Teams Templates"],"dependencies":[],"dependents":["14c37329-71cb-4e91-9356-939f0be4f408"],"parameterHints":{},"isOnPremiseConnection":false,"bypassConsent":false,"dataSets":{"https://m365x988132.sharepoint.com/sites/Requestateamapp6":{"dataSources":{"Team Request Settings":{"tableName":"ae88bf82-8324-4cf6-a802-6a6d49f7e988"},"Teams Requests":{"tableName":"46291433-736c-4170-ad07-c630b2efa968"},"Teams Templates":{"tableName":"e51dc72a-7476-47e0-9a72-91485328793d"}}}},"apiTier":"Standard","isCustomApiConnection":false},"14c37329-71cb-4e91-9356-939f0be4f408":{"id":"503229ae-e29d-4cc6-8c5c-3023679f9bf1","displayName":"Logic flows","iconUri":"https://connectoricons-prod.azureedge.net/releases/v1.0.1438/1.0.1438.2324/logicflows/icon.png","dataSources":["CheckTeamAvailability"],"dependencies":["86b33c7f-7bba-449f-a683-4b841543ee05"],"dependents":[],"parameterHints":{"workflowName":{"value":"556a5e58-0f01-43d1-93af-90a44228b6ee"},"86b33c7f-7bba-449f-a683-4b841543ee05":{"value":"shared_sharepointonline"}},"isOnPremiseConnection":false,"bypassConsent":false,"dataSets":{},"apiTier":"Standard","isCustomApiConnection":false,"actions":["Run"]}},"databaseReferences":{},"almMode":"Environment","performanceOptimizationEnabled":false,"canConsumeAppPass":true,"executionRestrictions":{"isTeamsOnly":false,"dataLossPreventionEvaluationResult":{"status":"Compliant","lastEvaluationDate":"2020-10-19T12:44:06.5680077Z","violationDetails":[]}}},"isAppComponentLibrary":false,"appType":"ClassicCanvasApp","appComponents":[]}}