{"schemaVersion":"1.0","appDefinitionTemplate":{"id":"/providers/Microsoft.PowerApps/apps/","type":"Microsoft.PowerApps/apps","tags":{"primaryDeviceWidth":"1366","primaryDeviceHeight":"768","sienaVersion":"20210924T173439Z-3.21092.24.0","deviceCapabilities":"","supportsPortrait":"false","supportsLandscape":"true","primaryFormFactor":"Tablet","publisherVersion":"3.21092.24","minimumRequiredApiVersion":"2.2.0","hasComponent":"false","hasUnlockedComponent":"false","isUnifiedRootApp":"false"},"properties":{"appVersion":"2021-09-24T17:34:39Z","lifeCycleId":"Published","createdByClientVersion":{"major":3,"minor":21092,"build":24,"revision":0,"majorRevision":0,"minorRevision":0},"minClientVersion":{"major":3,"minor":21092,"build":24,"revision":0,"majorRevision":0,"minorRevision":0},"backgroundColor":"rgba(104, 101, 171, 1)","backgroundImageUri":"/11152489165231977339/N6f9e90bb-ebef-485c-a779-1f2e1e38d415-logoSmallFile","displayName":"Request-a-team","description":"","commitMessage":"","appUris":{"documentUri":{"value":"/11152489165231977339/N40ac36a1-c470-419a-a2ec-1e5bace2787d-document.msapp"},"imageUris":[]},"createdTime":"0001-01-01T00:00:00Z","lastModifiedTime":"0001-01-01T00:00:00Z","sharedGroupsCount":0,"sharedUsersCount":0,"icons":{"smallIconUri":"/11152489165231977339/Nc6c3979b-4bd8-402e-a9d5-b9ffe848d387-small.png","mediumIconUri":"/11152489165231977339/N6882608e-d25d-426c-93ee-9a8ef9d57984-medium.png","largeIconUri":"/11152489165231977339/N70e23461-a148-4b62-87a6-b3ea885cb04b-large.png","wideIconUri":"/11152489165231977339/Nc41fccda-b3bb-4d60-a5ae-3fdb73b63ef5-wide.png"},"connectionReferences":{"9d5036a3-8b23-4125-a5cc-7dc0dbb2f8cb":{"id":"4458604f-df69-4408-9305-7b84b677fc96","displayName":"Office 365 Users","iconUri":"https://connectoricons-prod.azureedge.net/releases/v1.0.1510/1.0.1510.2537/office365users/icon.png","dataSources":["Office365Users"],"dependencies":[],"dependents":[],"parameterHints":{},"parameterHintsV2":{},"isOnPremiseConnection":false,"bypassConsent":false,"dataSets":{},"apiTier":"Standard","isCustomApiConnection":false,"actions":["MyProfile","MyProfileV2"]},"a65df3f8-e66c-4cbd-b13f-458b7e96f677":{"id":"70776e35-d735-4657-a8bd-9ae6caef63d7","displayName":"Office 365 Groups","iconUri":"https://connectoricons-prod.azureedge.net/releases/v1.0.1507/1.0.1507.2528/office365groups/icon.png","dataSources":["Office365Groups"],"dependencies":[],"dependents":[],"parameterHints":{},"parameterHintsV2":{},"isOnPremiseConnection":false,"bypassConsent":false,"dataSets":{},"apiTier":"Standard","isCustomApiConnection":false,"actions":["ListGroupMembers"]},"86b33c7f-7bba-449f-a683-4b841543ee05":{"id":"9635214e-b2f7-4747-b3dc-e55c0931c993","displayName":"SharePoint","iconUri":"https://connectoricons-prod.azureedge.net/releases/v1.0.1487/1.0.1487.2472/sharepointonline/icon.png","dataSources":["Team Request Settings","Teams Requests","Teams Templates"],"dependencies":[],"dependents":["14c37329-71cb-4e91-9356-939f0be4f408"],"parameterHints":{},"parameterHintsV2":{},"isOnPremiseConnection":false,"bypassConsent":false,"dataSets":{"https://m365x988132.sharepoint.com/sites/RequestaTeam":{"dataSources":{"Team Request Settings":{"tableName":"bd082b69-f87c-4cf5-9d18-4337656577b4"},"Teams Requests":{"tableName":"1c7d5ab2-e39d-40fc-8a30-b998928707b7"},"Teams Templates":{"tableName":"e22521f6-bcd0-4c99-aa56-95989407024d"}}}},"apiTier":"Standard","isCustomApiConnection":false,"actions":["providers/PowerPlatform.Governance/Operations/Read","providers/PowerPlatform.Governance/Operations/Write"]},"14c37329-71cb-4e91-9356-939f0be4f408":{"id":"503229ae-e29d-4cc6-8c5c-3023679f9bf1","displayName":"Logic flows","iconUri":"https://connectoricons-prod.azureedge.net/releases/v1.0.1438/1.0.1438.2324/logicflows/icon.png","dataSources":["CheckTeamAvailability"],"dependencies":["86b33c7f-7bba-449f-a683-4b841543ee05"],"dependents":[],"parameterHints":{"workflowName":{"value":"556a5e58-0f01-43d1-93af-90a44228b6ee"},"86b33c7f-7bba-449f-a683-4b841543ee05":{"value":"shared_sharepointonline"}},"parameterHintsV2":{"shared_sharepointonline":{"value":"86b33c7f-7bba-449f-a683-4b841543ee05"}},"isOnPremiseConnection":false,"bypassConsent":false,"dataSets":{},"apiTier":"Standard","isCustomApiConnection":false,"actions":["Run"]}},"databaseReferences":{},"almMode":"Environment","performanceOptimizationEnabled":false,"canConsumeAppPass":true,"executionRestrictions":{"isTeamsOnly":false,"dataLossPreventionEvaluationResult":{"status":"Compliant","lastEvaluationDate":"2020-10-19T12:44:06.5680077Z","violationDetails":[]}}},"appType":"ClassicCanvasApp","appComponents":[]}}