{"name":"1f042cee-acc2-c12a-73f5-f4076b4f2fdf","id":"/providers/Microsoft.Flow/flows/1f042cee-acc2-c12a-73f5-f4076b4f2fdf","type":"Microsoft.Flow/flows","properties":{"apiId":"/providers/Microsoft.PowerApps/apis/shared_logicflows","displayName":"Check Team Availability","definition":{"metadata":{"workflowEntityId":"e180a7ba-fc74-eb11-a812-0022481a692b","flowclientsuspensionreason":"None","flowclientsuspensiontime":null,"creator":{"id":"be7f6a61-71ec-4e63-8609-3e2cb740dc75","type":"User","tenantId":"32292181-0169-456b-b0a4-95fa4c5773a4"},"provisioningMethod":"FromDefinition","failureAlertSubscription":true,"clientLastModifiedTime":"2021-02-22T11:09:26.7229242Z"},"$schema":"https://schema.management.azure.com/providers/Microsoft.Logic/schemas/2016-06-01/workflowdefinition.json#","contentVersion":"1.0.0.0","parameters":{"$connections":{"defaultValue":{},"type":"Object"},"$authentication":{"defaultValue":{},"type":"SecureObject"}},"triggers":{"manual":{"type":"Request","kind":"PowerApp","inputs":{"schema":{"type":"object","properties":{"InitializeSiteURLvariable_Value":{"type":"string","description":"Enter initial value","x-ms-powerflows-param-ispartial":false},"InitializeCreatedByvariable_Value":{"type":"string","description":"Enter initial value","x-ms-powerflows-param-ispartial":false},"InitializeMailboxAliasvariable_Value":{"type":"boolean","description":"Enter initial value","x-ms-powerflows-param-ispartial":false}},"required":["InitializeSiteURLvariable_Value","InitializeCreatedByvariable_Value","InitializeMailboxAliasvariable_Value"]}}}},"actions":{"Initialize_Site_URL_variable":{"runAfter":{},"type":"InitializeVariable","inputs":{"variables":[{"name":"SiteURL","type":"string","value":"@{triggerBody()['InitializeSiteURLvariable_Value']}"}]}},"Initialize_CreatedBy_variable":{"runAfter":{"Initialize_Site_URL_variable":["Succeeded"]},"type":"InitializeVariable","inputs":{"variables":[{"name":"CreatedBy","type":"string","value":"@{triggerBody()['InitializeCreatedByvariable_Value']}"}]}},"Initialize_MailboxAlias_variable":{"runAfter":{"Initialize_CreatedBy_variable":["Succeeded"]},"type":"InitializeVariable","inputs":{"variables":[{"name":"MailboxAlias","type":"boolean","value":"@triggerBody()['InitializeMailboxAliasvariable_Value']"}]}},"Initialize_TeamExists_variable":{"runAfter":{"Initialize_MailboxAlias_variable":["Succeeded"]},"type":"InitializeVariable","inputs":{"variables":[{"name":"TeamExists","type":"boolean","value":"@false"}]}},"Initialize_RequestExists_variable":{"runAfter":{"Initialize_TeamExists_variable":["Succeeded"]},"type":"InitializeVariable","inputs":{"variables":[{"name":"RequestExists","type":"boolean","value":"@false"}]}},"Initialize_IsCurrentUserRequest_variable":{"runAfter":{"Initialize_RequestExists_variable":["Succeeded"]},"type":"InitializeVariable","inputs":{"variables":[{"name":"IsCurrentUserRequest","type":"boolean","value":"@false"}]}},"Send_an_HTTP_request_to_SharePoint":{"runAfter":{"Initialize_IsCurrentUserRequest_variable":["Succeeded"]},"type":"OpenApiConnection","inputs":{"host":{"apiId":"/providers/Microsoft.PowerApps/apis/shared_sharepointonline","connectionName":"shared_sharepointonline","operationId":"HttpRequest"},"parameters":{"dataset":"https://m365x765471.sharepoint.com/sites/RequestateamappDevelopment","parameters/method":"POST","parameters/uri":"_api/SP.Site.Exists","parameters/headers":{"accept":"application/json"},"parameters/body":"{\n\"url\":\"@{variables('SiteURL')}\"\n}"},"authentication":{"value":"@json(decodeBase64(triggerOutputs().headers['X-MS-APIM-Tokens']))['$ConnectionKey']","type":"Raw"}}},"Parse_JSON":{"runAfter":{"Send_an_HTTP_request_to_SharePoint":["Succeeded"]},"type":"ParseJson","inputs":{"content":"@outputs('Send_an_HTTP_request_to_SharePoint')?['body']","schema":{"type":"object","properties":{"odata.metadata":{"type":"string"},"value":{"type":"boolean"}}}}},"Check_site_exists_response":{"actions":{"Check_for_existing_requests_matching_URL":{"runAfter":{},"type":"OpenApiConnection","inputs":{"host":{"apiId":"/providers/Microsoft.PowerApps/apis/shared_sharepointonline","connectionName":"shared_sharepointonline","operationId":"GetItems"},"parameters":{"dataset":"https://m365x765471.sharepoint.com/sites/RequestateamappDevelopment","table":"42966618-0581-42b8-8990-42a1a0f577b3","$filter":"MailboxAlias eq '@{variables('MailboxAlias')}'"},"authentication":{"value":"@json(decodeBase64(triggerOutputs().headers['X-MS-APIM-Tokens']))['$ConnectionKey']","type":"Raw"}}},"Apply_to_each":{"foreach":"@outputs('Check_for_existing_requests_matching_URL')?['body/value']","actions":{"Check_if_request_is_created_by_current_user":{"actions":{"Set_RequestExists_variable":{"runAfter":{},"type":"SetVariable","inputs":{"name":"RequestExists","value":"@true"}}},"runAfter":{},"else":{"actions":{"Set_RequestExists_variable_-_current_user":{"runAfter":{},"type":"SetVariable","inputs":{"name":"RequestExists","value":"@true"}},"Set_IsCurrentUserRequest_variable":{"runAfter":{"Set_RequestExists_variable_-_current_user":["Succeeded"]},"type":"SetVariable","inputs":{"name":"IsCurrentUserRequest","value":"@true"}}}},"expression":{"not":{"equals":["@items('Apply_to_each')?['Author']","@variables('CreatedBy')"]}},"type":"If"}},"runAfter":{"Check_for_existing_requests_matching_URL":["Succeeded"]},"type":"Foreach"}},"runAfter":{"Parse_JSON":["Succeeded"]},"else":{"actions":{"Set_TeamExists_variable":{"runAfter":{},"type":"SetVariable","inputs":{"name":"TeamExists","value":"@true"}}}},"expression":{"equals":["@body('Parse_JSON')?['value']","@false"]},"type":"If"},"Respond_to_a_PowerApp_or_flow":{"runAfter":{"Check_site_exists_response":["Succeeded"]},"type":"Response","kind":"PowerApp","inputs":{"statusCode":200,"body":{"teamexists":"@{variables('TeamExists')}","requestexists":"@{variables('RequestExists')}","iscurrentuserrequest":"@{variables('IsCurrentUserRequest')}"},"schema":{"type":"object","properties":{"teamexists":{"title":"TeamExists","x-ms-dynamically-added":true,"type":"string"},"requestexists":{"title":"RequestExists","x-ms-dynamically-added":true,"type":"string"},"iscurrentuserrequest":{"title":"IsCurrentUserRequest","x-ms-dynamically-added":true,"type":"string"}}}}}},"outputs":{}},"connectionReferences":{"shared_sharepointonline":{"connectionName":"0c43331dd47d408186f1d27fde7b4211","source":"Invoker","id":"/providers/Microsoft.PowerApps/apis/shared_sharepointonline","tier":"NotSpecified"}},"flowFailureAlertSubscribed":false}}