{"schemaVersion":"1.0","appDefinitionTemplate":{"id":"/providers/Microsoft.PowerApps/apps/","type":"Microsoft.PowerApps/apps","tags":{"primaryDeviceWidth":"1366","primaryDeviceHeight":"768","sienaVersion":"20200921T102523Z-3.20092.39.0","deviceCapabilities":"","supportsPortrait":"false","supportsLandscape":"true","primaryFormFactor":"Tablet","publisherVersion":"3.20092.39","minimumRequiredApiVersion":"2.2.0","hasComponent":"false","hasUnlockedComponent":"false","isUnifiedRootApp":"false"},"properties":{"appVersion":"2020-09-21T10:25:23Z","lifeCycleId":"Published","createdByClientVersion":{"major":3,"minor":20092,"build":39,"revision":0,"majorRevision":0,"minorRevision":0},"minClientVersion":{"major":3,"minor":20092,"build":39,"revision":0,"majorRevision":0,"minorRevision":0},"backgroundColor":"rgba(37, 62, 143, 1)","backgroundImageUri":"/12251120736450067690/N6163844d-c87c-485e-b4e4-13a9d9010263-logoSmallFile","displayName":"Request-a-team","description":"","commitMessage":"","appUris":{"documentUri":{"value":"/12251120736450067690/N34d44e1e-096c-46b7-9b76-24643bd3be2f-document.msapp","readonlyValue":"/12251120736450067690/N34d44e1e-096c-46b7-9b76-24643bd3be2f-document.msapp"},"imageUris":[]},"createdTime":"0001-01-01T00:00:00Z","lastModifiedTime":"0001-01-01T00:00:00Z","sharedGroupsCount":0,"sharedUsersCount":0,"icons":{"smallIconUri":"/12251120736450067690/N72e133c8-7253-4b90-a3c4-b74d44449851-small.png","mediumIconUri":"/12251120736450067690/Ne177e4cd-6044-4191-ade4-2cf3690e3038-medium.png","largeIconUri":"/12251120736450067690/N9dd37fe3-83bb-4c74-85c1-e71d252f3d92-large.png","wideIconUri":"/12251120736450067690/N7377aab7-1315-4217-ac7f-a78c80dd9240-wide.png"},"connectionReferences":{"9d5036a3-8b23-4125-a5cc-7dc0dbb2f8cb":{"id":"5061c038-8f99-4a71-8e88-81cf16240d43","displayName":"Office 365 Users","iconUri":"https://connectoricons-prod.azureedge.net/releases/v1.0.1385/1.0.1385.2110/office365users/icon.png","dataSources":["Office365Users"],"dependencies":[],"dependents":[],"parameterHints":{},"isOnPremiseConnection":false,"bypassConsent":false,"dataSets":{},"apiTier":"Standard","isCustomApiConnection":false},"a65df3f8-e66c-4cbd-b13f-458b7e96f677":{"id":"66524994-fd42-4c6e-82e3-62db1a7eadb9","displayName":"Office 365 Groups","iconUri":"https://connectoricons-prod.azureedge.net/releases/v1.0.1385/1.0.1385.2110/office365groups/icon.png","dataSources":["Office365Groups"],"dependencies":[],"dependents":[],"parameterHints":{},"isOnPremiseConnection":false,"bypassConsent":false,"dataSets":{},"apiTier":"Standard","isCustomApiConnection":false},"97e5ce6b-9f9a-4186-885f-9b5d6476c732":{"id":"8b7c4421-c33a-459c-a2ba-4db4627ac7cf","displayName":"SharePoint","iconUri":"https://connectoricons-prod.azureedge.net/releases/v1.0.1389/1.0.1389.2117/sharepointonline/icon.png","dataSources":["Teams Requests","Teams Templates","Team Request Settings"],"dependencies":[],"dependents":["7b4c2cc4-dfa7-4999-bc70-5e0663f4761b"],"parameterHints":{},"isOnPremiseConnection":false,"bypassConsent":false,"dataSets":{"https://m365x065516.sharepoint.com/sites/RequestaTeamRequests6":{"dataSources":{"Teams Requests":{"tableName":"bc17b15f-924d-41b6-895f-41d8d66f1a37"},"Teams Templates":{"tableName":"a1b0f568-5f90-4cbb-9432-3df189f51aa7"},"Team Request Settings":{"tableName":"216110d3-a94a-4a49-b397-ebd90a8919d4"}}}},"apiTier":"Standard","isCustomApiConnection":false},"7b4c2cc4-dfa7-4999-bc70-5e0663f4761b":{"id":"218973d1-1324-4528-b5d4-03e659710ddf","displayName":"Logic flows","iconUri":"https://resourcestackdeploy.blob.core.windows.net/scripts/13276078.png","dataSources":["CheckTeamAvailability"],"dependencies":["97e5ce6b-9f9a-4186-885f-9b5d6476c732"],"dependents":[],"parameterHints":{"workflowName":{"value":"2c2b07e3-f05b-49dd-a34a-7a4140088cdb"},"97e5ce6b-9f9a-4186-885f-9b5d6476c732":{"value":"shared_sharepointonline"}},"isOnPremiseConnection":false,"bypassConsent":false,"dataSets":{},"apiTier":"Standard","isCustomApiConnection":false}},"databaseReferences":{},"almMode":"Environment","performanceOptimizationEnabled":false,"canConsumeAppPass":true},"isAppComponentLibrary":false,"appType":"ClassicCanvasApp","appComponents":[]}}