{"schemaVersion":"1.0","appDefinitionTemplate":{"id":"/providers/Microsoft.PowerApps/apps/","type":"Microsoft.PowerApps/apps","tags":{"primaryDeviceWidth":"1366","primaryDeviceHeight":"768","sienaVersion":"20200424T203308Z-3.20023.8.0","deviceCapabilities":"","supportsPortrait":"false","supportsLandscape":"true","primaryFormFactor":"Tablet","publisherVersion":"3.20023.8","minimumRequiredApiVersion":"2.2.0","hasComponent":"false","hasUnlockedComponent":"false"},"properties":{"appVersion":"2020-04-24T20:33:08Z","lifeCycleId":"Published","createdByClientVersion":{"major":3,"minor":20023,"build":8,"revision":0,"majorRevision":0,"minorRevision":0},"minClientVersion":{"major":3,"minor":20023,"build":8,"revision":0,"majorRevision":0,"minorRevision":0},"backgroundColor":"rgba(0, 176, 240, 1)","backgroundImageUri":"/17153278470934751992/Na9da90f4-462d-4eb1-9070-9de5040bbbe2-logoSmallFile","displayName":"Request-a-team","description":"","commitMessage":"","appUris":{"documentUri":{"value":"/17153278470934751992/N6a9735b9-f168-4fe6-8bc7-92d559c6c59a-document.msapp","readonlyValue":"/17153278470934751992/N6a9735b9-f168-4fe6-8bc7-92d559c6c59a-document.msapp"},"imageUris":[]},"createdTime":"0001-01-01T00:00:00Z","lastModifiedTime":"0001-01-01T00:00:00Z","sharedGroupsCount":0,"sharedUsersCount":0,"icons":{"smallIconUri":"/17153278470934751992/Nf0b5cb94-11bf-44cd-9fcf-6a65114ef2c3-small.png","mediumIconUri":"/17153278470934751992/N94c2b867-4c95-4067-aa46-d5f8002c1137-medium.png","largeIconUri":"/17153278470934751992/Na8fda5b6-8b12-4f90-86c5-f73fc4687277-large.png","wideIconUri":"/17153278470934751992/N713e728b-8d37-4f64-a3ca-f77854195385-wide.png"},"connectionReferences":{"9d5036a3-8b23-4125-a5cc-7dc0dbb2f8cb":{"id":"332dbda4-01c2-4242-8060-c1d265f91c0e","displayName":"Office 365 Users","iconUri":"https://connectoricons-prod.azureedge.net/office365users/icon_1.0.1335.1964.png","dataSources":["Office365Users"],"dependencies":[],"dependents":[],"parameterHints":{},"isOnPremiseConnection":false,"bypassConsent":false,"dataSets":{},"apiTier":"Standard","isCustomApiConnection":false},"a65df3f8-e66c-4cbd-b13f-458b7e96f677":{"id":"8c7f6c53-daa3-44c6-bef1-fe7440470721","displayName":"Office 365 Groups","iconUri":"https://connectoricons-prod.azureedge.net/office365groups/icon_1.0.1329.1953.png","dataSources":["Office365Groups"],"dependencies":[],"dependents":[],"parameterHints":{},"isOnPremiseConnection":false,"bypassConsent":false,"dataSets":{},"apiTier":"Standard","isCustomApiConnection":false},"041cbeda-55ca-4c48-b8e3-03928fb72bb2":{"id":"6c6ea791-1f6a-4e04-8484-1a408b59160d","displayName":"Logic flows","iconUri":"https://resourcestackdeploy.blob.core.windows.net/scripts/13276078.png","dataSources":["CheckTeamAvailability"],"dependencies":["97e5ce6b-9f9a-4186-885f-9b5d6476c732"],"dependents":[],"parameterHints":{"workflowName":{"value":"7eeb9bfe-39a2-494e-9a69-a12df0f581c5"},"97e5ce6b-9f9a-4186-885f-9b5d6476c732":{"value":"shared_sharepointonline"}},"isOnPremiseConnection":false,"bypassConsent":false,"dataSets":{},"apiTier":"Standard","isCustomApiConnection":false},"97e5ce6b-9f9a-4186-885f-9b5d6476c732":{"id":"23049e17-b061-4301-994b-e7b029c34d27","displayName":"SharePoint","iconUri":"https://connectoricons-prod.azureedge.net/sharepointonline/icon_1.0.1329.1953.png","dataSources":[],"dependencies":[],"dependents":["041cbeda-55ca-4c48-b8e3-03928fb72bb2"],"parameterHints":{},"isOnPremiseConnection":false,"bypassConsent":false,"dataSets":{},"apiTier":"Standard","isCustomApiConnection":false},"00deca03-387b-4ad4-bbd4-cefc640d1c9b":{"id":"23049e17-b061-4301-994b-e7b029c34d27","displayName":"SharePoint","iconUri":"https://connectoricons-prod.azureedge.net/sharepointonline/icon_1.0.1329.1953.png","dataSources":["Teams Templates","Teams Requests","Team Request Settings"],"dependencies":[],"dependents":[],"parameterHints":{},"isOnPremiseConnection":false,"bypassConsent":false,"dataSets":{"https://m365x023142.sharepoint.com/sites/RequestateamApp":{"dataSources":{"Teams Templates":{"tableName":"298485ad-73cc-4b5f-a013-b56111ec351a"},"Teams Requests":{"tableName":"a471ecf0-01f3-4e3e-902b-b48daaa23aba"},"Team Request Settings":{"tableName":"3770cede-bff2-42a6-ba12-2f4cbccb90d3"}}}},"apiTier":"Standard","isCustomApiConnection":false}},"databaseReferences":{},"almMode":"Environment","performanceOptimizationEnabled":false,"canConsumeAppPass":true},"isAppComponentLibrary":false,"appType":"ClassicCanvasApp","appComponents":[]}}