{"schemaVersion":"1.0","appDefinitionTemplate":{"id":"/providers/Microsoft.PowerApps/apps/","type":"Microsoft.PowerApps/apps","tags":{"primaryDeviceWidth":"1366","primaryDeviceHeight":"768","sienaVersion":"20201203T223221Z-3.20113.29.0","deviceCapabilities":"","supportsPortrait":"false","supportsLandscape":"true","primaryFormFactor":"Tablet","publisherVersion":"3.20113.29","minimumRequiredApiVersion":"2.2.0","hasComponent":"false","hasUnlockedComponent":"false","isUnifiedRootApp":"false"},"properties":{"appVersion":"2020-12-03T22:32:21Z","lifeCycleId":"Published","createdByClientVersion":{"major":3,"minor":20113,"build":29,"revision":0,"majorRevision":0,"minorRevision":0},"minClientVersion":{"major":3,"minor":20113,"build":29,"revision":0,"majorRevision":0,"minorRevision":0},"backgroundColor":"rgba(37, 62, 143, 1)","backgroundImageUri":"/2130153426913067461/N2f002fdd-d4d1-4db6-aa36-e6529388815f-logoSmallFile","displayName":"Request-a-team","description":"","commitMessage":"","appUris":{"documentUri":{"value":"/2130153426913067461/Nb50eaf63-453c-4693-bcc4-2c128e0d5b50-document.msapp"},"imageUris":[]},"createdTime":"0001-01-01T00:00:00Z","lastModifiedTime":"0001-01-01T00:00:00Z","sharedGroupsCount":0,"sharedUsersCount":0,"icons":{"smallIconUri":"/2130153426913067461/N9d6f7247-231d-43ef-89da-0b5b3804ff11-small.png","mediumIconUri":"/2130153426913067461/Nd00f4249-0eda-4c8a-825a-bc58960258e7-medium.png","largeIconUri":"/2130153426913067461/Ncdffd357-1d37-4046-b4b0-2fbc2a342a65-large.png","wideIconUri":"/2130153426913067461/N4d283de2-8756-44a4-9ab1-bb78b9e5b445-wide.png"},"connectionReferences":{"9d5036a3-8b23-4125-a5cc-7dc0dbb2f8cb":{"id":"5061c038-8f99-4a71-8e88-81cf16240d43","displayName":"Office 365 Users","iconUri":"https://connectoricons-prod.azureedge.net/releases/v1.0.1411/1.0.1411.2206/office365users/icon.png","dataSources":["Office365Users"],"dependencies":[],"dependents":[],"parameterHints":{},"isOnPremiseConnection":false,"bypassConsent":false,"dataSets":{},"apiTier":"Standard","isCustomApiConnection":false,"actions":["MyProfile"]},"a65df3f8-e66c-4cbd-b13f-458b7e96f677":{"id":"66524994-fd42-4c6e-82e3-62db1a7eadb9","displayName":"Office 365 Groups","iconUri":"https://connectoricons-prod.azureedge.net/releases/v1.0.1409/1.0.1409.2193/office365groups/icon.png","dataSources":["Office365Groups"],"dependencies":[],"dependents":[],"parameterHints":{},"isOnPremiseConnection":false,"bypassConsent":false,"dataSets":{},"apiTier":"Standard","isCustomApiConnection":false,"actions":["ListGroupMembers"]},"97e5ce6b-9f9a-4186-885f-9b5d6476c732":{"id":"8b7c4421-c33a-459c-a2ba-4db4627ac7cf","displayName":"SharePoint","iconUri":"https://connectoricons-prod.azureedge.net/releases/v1.0.1416/1.0.1416.2233/sharepointonline/icon.png","dataSources":["Team Request Settings","Teams Requests","Teams Templates"],"dependencies":[],"dependents":["7b4c2cc4-dfa7-4999-bc70-5e0663f4761b"],"parameterHints":{},"isOnPremiseConnection":false,"bypassConsent":false,"dataSets":{"https://m365x065516.sharepoint.com/sites/RequestaTeamRequests6":{"dataSources":{"Team Request Settings":{"tableName":"216110d3-a94a-4a49-b397-ebd90a8919d4"},"Teams Requests":{"tableName":"bc17b15f-924d-41b6-895f-41d8d66f1a37"},"Teams Templates":{"tableName":"a1b0f568-5f90-4cbb-9432-3df189f51aa7"}}}},"apiTier":"Standard","isCustomApiConnection":false},"7b4c2cc4-dfa7-4999-bc70-5e0663f4761b":{"id":"218973d1-1324-4528-b5d4-03e659710ddf","displayName":"Logic flows","iconUri":"https://resourcestackdeploy.blob.core.windows.net/scripts/13276078.png","dataSources":["CheckTeamAvailability"],"dependencies":["97e5ce6b-9f9a-4186-885f-9b5d6476c732"],"dependents":[],"parameterHints":{"workflowName":{"value":"06230ade-5911-4018-af61-d86e764a522b"},"97e5ce6b-9f9a-4186-885f-9b5d6476c732":{"value":"shared_sharepointonline"}},"isOnPremiseConnection":false,"bypassConsent":false,"dataSets":{},"apiTier":"Standard","isCustomApiConnection":false,"actions":["Run"]}},"databaseReferences":{},"almMode":"Environment","performanceOptimizationEnabled":false,"canConsumeAppPass":true,"executionRestrictions":{"isTeamsOnly":false,"dataLossPreventionEvaluationResult":{"status":"Compliant","lastEvaluationDate":"2020-12-03T12:08:00.5013491Z","violationDetails":[]}}},"isAppComponentLibrary":false,"appType":"ClassicCanvasApp","appComponents":[]}}