{"name":"0a5bb15c-8f5d-4b26-b992-221b70829638","id":"/providers/Microsoft.Flow/flows/0a5bb15c-8f5d-4b26-b992-221b70829638","type":"Microsoft.Flow/flows","properties":{"apiId":"/providers/Microsoft.PowerApps/apis/shared_logicflows","displayName":"Team Request Approval","definition":{"metadata":{"workflowEntityId":null,"creator":{"id":"0e7e0fc1-6b1d-4942-9134-ff0f1eb0ebcc","type":"User","tenantId":"34b955cb-5ad9-4daf-b94d-9a234739b382"},"provisioningMethod":"FromDefinition","failureAlertSubscription":true,"clientLastModifiedTime":"2020-04-29T07:45:15.6114857Z"},"$schema":"https://schema.management.azure.com/providers/Microsoft.Logic/schemas/2016-06-01/workflowdefinition.json#","contentVersion":"1.0.0.0","parameters":{"$connections":{"defaultValue":{},"type":"Object"},"$authentication":{"defaultValue":{},"type":"SecureObject"}},"triggers":{"When_a_team_request_item_is_submitted":{"recurrence":{"frequency":"Minute","interval":5},"splitOn":"@triggerBody()?['value']","metadata":{"flowSystemMetadata":{"swaggerOperationId":"GetOnUpdatedItems"}},"type":"ApiConnection","inputs":{"host":{"connection":{"name":"@parameters('$connections')['shared_sharepointonline']['connectionId']"},"api":{"runtimeUrl":"https://unitedstates-002.azure-apim.net/apim/sharepointonline"}},"method":"get","path":"/datasets/@{encodeURIComponent(encodeURIComponent('https://m365x023142.sharepoint.com/sites/RequestateamApp'))}/tables/@{encodeURIComponent(encodeURIComponent('Teams Requests'))}/onupdateditems","authentication":"@parameters('$authentication')"},"conditions":[{"expression":"@equals(triggerBody()?['Status']?['Value'],'Submitted')"}]}},"actions":{"Initialize_ApprovalResponses_variable":{"runAfter":{"Admin_mail_id":["Succeeded"]},"type":"InitializeVariable","inputs":{"variables":[{"name":"ApprovalResponses","type":"String"}]}},"Initialize_Owners_variable":{"runAfter":{"Initialize_ApprovalDate_variable":["Succeeded"]},"type":"InitializeVariable","inputs":{"variables":[{"name":"Owners","type":"String"}]}},"Initialize_Members_variable":{"runAfter":{"Initialize_Owners_variable":["Succeeded"]},"type":"InitializeVariable","inputs":{"variables":[{"name":"Members","type":"String"}]}},"Loop_through_Members":{"foreach":"@triggerBody()?['Members']","actions":{"Build_Members_string":{"runAfter":{},"type":"Compose","inputs":"@if(Empty(variables('Members')),items('Loop_through_members')?['Email'],concat(variables('Members'),';',items('Loop_through_members')?['Email']))"},"Set_Members_variable":{"runAfter":{"Build_Members_string":["Succeeded"]},"type":"SetVariable","inputs":{"name":"Members","value":"@{outputs('Build_Members_string')}"}}},"runAfter":{"Get_Settings":["Succeeded"]},"type":"Foreach","description":"Loop through the Member users and build a string to use in the submitted email."},"Loop_through_Owners":{"foreach":"@triggerBody()?['Owners']","actions":{"Build_Owners_string":{"runAfter":{},"type":"Compose","inputs":"@if(Empty(variables('Owners')),items('Loop_through_owners')?['Email'],concat(variables('Owners'),';',items('Loop_through_owners')?['Email']))"},"Set_Owners_variable":{"runAfter":{"Build_Owners_string":["Succeeded"]},"type":"SetVariable","inputs":{"name":"Owners","value":"@{outputs('Build_Owners_string')}"}}},"runAfter":{"Loop_through_Members":["Succeeded"]},"type":"Foreach","description":"Loop through the Owner users and build a string to use in the submitted email."},"Initialize_ChannelID_variable":{"runAfter":{"Initialize_Members_variable":["Succeeded"]},"type":"InitializeVariable","inputs":{"variables":[{"name":"ChannelID","type":"string"}]}},"Initialize_TeamID_variable":{"runAfter":{"Initialize_ChannelID_variable":["Succeeded"]},"type":"InitializeVariable","inputs":{"variables":[{"name":"TeamID","type":"string"}]}},"Get_Settings":{"actions":{"Get_settings_items":{"runAfter":{},"metadata":{"flowSystemMetadata":{"swaggerOperationId":"GetItems"}},"type":"ApiConnection","inputs":{"host":{"connection":{"name":"@parameters('$connections')['shared_sharepointonline_1']['connectionId']"},"api":{"runtimeUrl":"https://unitedstates-002.azure-apim.net/apim/sharepointonline"}},"method":"get","path":"/datasets/@{encodeURIComponent(encodeURIComponent(variables('Teams Request Site name')))}/tables/@{encodeURIComponent(encodeURIComponent('Team Request Settings'))}/items","authentication":"@parameters('$authentication')"}},"Loop_through_settings_items":{"foreach":"@body('Get_settings_items')?['value']","actions":{"Switch":{"runAfter":{},"cases":{"TeamsTeamID":{"case":"TeamsTeamID","actions":{"Set_TeamID_variable":{"runAfter":{},"type":"SetVariable","inputs":{"name":"TeamID","value":"@items('Loop_through_settings_items')?['Value']"}}}},"Case":{"case":"TeamsChannelID","actions":{"Set_ChannelID_variable":{"runAfter":{},"type":"SetVariable","inputs":{"name":"ChannelID","value":"@items('Loop_through_settings_items')?['Value']"}}}}},"default":{"actions":{}},"expression":"@items('Loop_through_settings_items')?['Title']","type":"Switch"}},"runAfter":{"Get_settings_items":["Succeeded"]},"type":"Foreach"}},"runAfter":{"Initialize_TeamID_variable":["Succeeded"]},"type":"Scope"},"Initialize_ApprovalResponse_variable":{"runAfter":{"Initialize_ApprovalComments_variable":["Succeeded"]},"type":"InitializeVariable","inputs":{"variables":[{"name":"ApprovalResponse","type":"string"}]}},"Initialize_ApprovalComments_variable":{"runAfter":{"Initialize_GetItemStatus":["Succeeded"]},"type":"InitializeVariable","inputs":{"variables":[{"name":"ApprovalComments","type":"string"}]}},"Initialize_ApprovalDate_variable":{"runAfter":{"Initialize_ApprovalResponse_variable":["Succeeded"]},"type":"InitializeVariable","inputs":{"variables":[{"name":"ApprovalDate","type":"string"}]}},"Check_if_we_are_posting_to_Teams":{"actions":{"Post_an_Adaptive_Card_to_a_Teams_channel_and_wait_for_a_response":{"runAfter":{},"metadata":{"flowSystemMetadata":{"swaggerOperationId":"SubscribeChannelFlowContinuation"}},"type":"ApiConnectionWebhook","inputs":{"host":{"connection":{"name":"@parameters('$connections')['shared_teams_1']['connectionId']"},"api":{"runtimeUrl":"https://unitedstates-002.azure-apim.net/apim/teams"}},"body":{"notificationUrl":"@{listCallbackUrl()}","body":{"recipient":{"channelId":"@variables('ChannelID')"},"messageBody":"{\n    \"type\": \"AdaptiveCard\",\n    \"body\": [\n        {\n            \"type\": \"TextBlock\",\n            \"size\": \"Large\",\n            \"weight\": \"Bolder\",\n            \"text\": \"Pending Approval\"\n        },\n        {\n            \"type\": \"ColumnSet\",\n            \"columns\": [\n                {\n                    \"type\": \"Column\",\n                    \"items\": [\n                        {\n                            \"type\": \"FactSet\",\n                            \"facts\": [\n                                {\n                                    \"title\": \"**Requested by:**\",\n                                    \"value\": \"@{triggerBody()?['Author']?['DisplayName']}\"\n                                },\n                                {\n                                    \"title\": \"**Date created:** \",\n                                    \"value\": \"@{formatDateTime(triggerBody()?['Created'],'F')} UTC\"\n                                }\n                           \n                            ],\n                            \"spacing\": \"Large\"\n                        }\n                    ],\n                    \"width\": \"stretch\"\n                }\n            ]\n        },\n        {\n            \"type\": \"ColumnSet\",\n            \"columns\": [\n                {\n                    \"type\": \"Column\",\n                    \"width\": \"95px\",\n                    \"spacing\": \"Medium\",\n                    \"items\": [\n                        {\n                            \"type\": \"TextBlock\",\n                            \"text\": \" \"\n                        }\n                    ]\n                },\n                {\n                    \"type\": \"Column\",\n                    \"items\": [\n                        {\n                            \"type\": \"TextBlock\",\n                            \"text\": \"**Team Name:** @{triggerBody()?['Title']}\",\n                            \"isSubtle\": true,\n                            \"wrap\": true\n                        },\n                        {\n                            \"type\": \"TextBlock\",\n                            \"text\": \"**Description:** @{triggerBody()?['TeamDescription']}\",\n                            \"isSubtle\": true,\n                            \"wrap\": true,\n                            \"spacing\": \"None\"\n                        },\n   \n                       \n                        {\n                            \"type\": \"TextBlock\",\n                            \"text\": \"**Business Justification:** @{triggerBody()?['BusinessJustification']}\",\n                            \"isSubtle\": true,\n                            \"wrap\": true,\n                            \"spacing\": \"None\"\n                        },\n        {\n                            \"type\": \"TextBlock\",\n                            \"text\": \"**Confidential data:** @{triggerBody()?['ConfidentialData']}\",\n                            \"isSubtle\": true,\n                            \"wrap\": true,\n                            \"spacing\": \"None\"\n                        },\n                        {\n                            \"type\": \"TextBlock\",\n                            \"text\": \"**Visibility:** @{triggerBody()?['Visibility']?['Value']}\",\n                            \"isSubtle\": true,\n                            \"wrap\": true,\n                            \"spacing\": \"None\"\n                        },\n                        {\n                            \"type\": \"TextBlock\",\n                            \"text\": \"**Template type:** @{triggerBody()?['TemplateTitle']}\",\n                            \"isSubtle\": true,\n                            \"wrap\": true,\n                            \"spacing\": \"None\"\n                        }\n                    ],\n                    \"width\": \"stretch\"\n                }\n            ],\n            \"spacing\": \"Small\"\n        }\n    ],\n    \"actions\": [\n        {\n            \"type\": \"Action.ShowCard\",\n            \"title\": \"Approve\",\n            \"card\": {\n                \"type\": \"AdaptiveCard\",\n                \"body\": [\n                    {\n                        \"type\": \"Input.Text\",\n                        \"id\": \"approveComment\",\n                        \"placeholder\": \"Add a comment\",\n                        \"isMultiline\": true\n                    }\n                ],\n                \"actions\": [\n                    {\n                        \"type\": \"Action.Submit\",\n                          \"id\":\"Approve\",\n                        \"title\": \"Submit\",\n                    }\n                ],\n                \"$schema\": \"http://adaptivecards.io/schemas/adaptive-card.json\"\n            }\n        },\n        {\n            \"type\": \"Action.ShowCard\",\n            \"title\": \"Reject\",\n            \"card\": {\n                \"type\": \"AdaptiveCard\",\n                \"body\": [\n                    {\n                        \"type\": \"Input.Text\",\n                        \"id\": \"rejectComment\",\n                        \"placeholder\": \"Add a comment\",\n                        \"isMultiline\": true\n                    }\n                ],\n                \"actions\": [\n                    {\n                        \"type\": \"Action.Submit\",\n                          \"id\":\"Reject\",\n                        \"title\": \"Submit\"\n                    }\n                ],\n                \"$schema\": \"http://adaptivecards.io/schemas/adaptive-card.json\"\n            }\n        }\n    ],\n    \"$schema\": \"http://adaptivecards.io/schemas/adaptive-card.json\",\n    \"version\": \"1.0\"\n}","updateMessage":"response submitted ","shouldUpdateCard":true}},"path":"/flowbot/actions/flowcontinuation/recipienttypes/channel/$subscriptions","queries":{"groupId":"@variables('TeamID')"},"authentication":"@parameters('$authentication')"}},"Parse_JSON":{"runAfter":{"Post_an_Adaptive_Card_to_a_Teams_channel_and_wait_for_a_response":["Succeeded"]},"type":"ParseJson","inputs":{"content":"@body('Post_an_Adaptive_Card_to_a_Teams_channel_and_wait_for_a_response')","schema":{"type":"object","properties":{"responseTime":{"type":"string"},"responder":{"type":"object","properties":{"objectId":{"type":"string"},"tenantId":{"type":"string"},"email":{"type":"string"},"userPrincipalName":{"type":"string"},"displayName":{"type":"string"}}},"submitActionId":{"type":"string"},"data":{"type":"object","properties":{"approveComment":{"type":"string"},"rejectComment":{"type":"string"}}}}}}},"Check_status_for_Approved_or_Rejected_from_Power_App_":{"actions":{"Post_your_own_adaptive_card_as_the_Flow_bot_to_a_channel":{"runAfter":{},"metadata":{"flowSystemMetadata":{"swaggerOperationId":"PostChannelAdaptiveCard"}},"type":"ApiConnection","inputs":{"host":{"connection":{"name":"@parameters('$connections')['shared_teams']['connectionId']"},"api":{"runtimeUrl":"https://unitedstates-002.azure-apim.net/apim/teams"}},"method":"post","body":{"recipient":{"channelId":"@variables('ChannelID')"},"messageBody":"{\n    \"type\": \"AdaptiveCard\",\n    \"body\": [\n        {\n            \"type\": \"TextBlock\",\n            \"size\": \"Large\",\n            \"weight\": \"Bolder\",\n            \"text\": \"Request  already @{variables('GetItemsStatus')}. No action needed.\"\n        },\n        {\n            \"type\": \"ColumnSet\",\n            \"columns\": [\n                {\n                    \"type\": \"Column\",\n                    \"items\": [\n                        {\n                            \"type\": \"FactSet\",\n                            \"facts\": [\n                                {\n                                    \"title\": \"**Requested by:**\",\n                                    \"value\": \"@{triggerBody()?['Author']?['DisplayName']}\"\n                                },\n                                {\n                                    \"title\": \"**Date created:** \",\n                                    \"value\": \"@{formatDateTime(triggerBody()?['Created'],'F')} UTC\"\n                                }\n                            ],\n                            \"spacing\": \"Large\"\n                        }\n                    ],\n                    \"width\": \"stretch\"\n                }\n            ]\n        },\n        {\n            \"type\": \"ColumnSet\",\n            \"columns\": [\n                {\n                    \"type\": \"Column\",\n                    \"width\": \"95px\",\n                    \"spacing\": \"Medium\",\n                    \"items\": [\n                        {\n                            \"type\": \"TextBlock\",\n                            \"text\": \" \"\n                        }\n                    ]\n                },\n                {\n                    \"type\": \"Column\",\n                    \"items\": [\n                        {\n                            \"type\": \"TextBlock\",\n                            \"text\": \"**Team Name:** @{triggerBody()?['Title']}\",\n                            \"isSubtle\": true,\n                            \"wrap\": true\n                        },\n                        {\n                            \"type\": \"TextBlock\",\n                            \"text\": \"**Description:** @{triggerBody()?['TeamDescription']}\",\n                            \"isSubtle\": true,\n                            \"wrap\": true,\n                            \"spacing\": \"None\"\n                        },\n                       \n                        {\n                            \"type\": \"TextBlock\",\n                            \"text\": \"**Business Justification:** @{triggerBody()?['BusinessJustification']}\",\n                            \"isSubtle\": true,\n                            \"wrap\": true,\n                            \"spacing\": \"None\"\n                        },\n        {\n                            \"type\": \"TextBlock\",\n                            \"text\": \"**Confidential data:** @{triggerBody()?['ConfidentialData']}\",\n                            \"isSubtle\": true,\n                            \"wrap\": true,\n                            \"spacing\": \"None\"\n                        },\n                        {\n                            \"type\": \"TextBlock\",\n                            \"text\": \"**Visibility:** @{triggerBody()?['Visibility']?['Value']}\",\n                            \"isSubtle\": true,\n                            \"wrap\": true,\n                            \"spacing\": \"None\"\n                        },\n                        {\n                            \"type\": \"TextBlock\",\n                            \"text\": \"**Template type:** @{triggerBody()?['TemplateTitle']}\",\n                            \"isSubtle\": true,\n                            \"wrap\": true,\n                            \"spacing\": \"None\"\n                        }\n                    ],\n                    \"width\": \"stretch\"\n                }\n            ],\n            \"spacing\": \"Small\"\n        }\n    ],\n    \"$schema\": \"http://adaptivecards.io/schemas/adaptive-card.json\",\n    \"version\": \"1.0\"\n}"},"path":"/flowbot/actions/adaptivecard/recipienttypes/channel","queries":{"groupId":"@variables('TeamID')"},"authentication":"@parameters('$authentication')"}}},"runAfter":{"Condition":["Succeeded"]},"else":{"actions":{"Check_for_Approval_Status_from_Teams(Adaptive_Card)":{"actions":{"Update_status_to_Approved":{"runAfter":{},"metadata":{"flowSystemMetadata":{"swaggerOperationId":"PatchItem"}},"type":"ApiConnection","inputs":{"host":{"connection":{"name":"@parameters('$connections')['shared_sharepointonline_1']['connectionId']"},"api":{"runtimeUrl":"https://unitedstates-002.azure-apim.net/apim/sharepointonline"}},"method":"patch","body":{"Title":"@body('Update_status_to_Pending_Approval')['Title']","Status":{"Value":"Approved"},"Comments":"@variables('ApprovalResponses')","ApprovedDate":"@variables('ApprovalDate')"},"path":"/datasets/@{encodeURIComponent(encodeURIComponent(variables('Teams Request Site name')))}/tables/@{encodeURIComponent(encodeURIComponent('Teams Requests'))}/items/@{encodeURIComponent(body('Update_status_to_Pending_Approval')?['ID'])}","authentication":"@parameters('$authentication')"}}},"runAfter":{},"else":{"actions":{"Update_status_to_Rejected":{"runAfter":{},"metadata":{"flowSystemMetadata":{"swaggerOperationId":"PatchItem"}},"type":"ApiConnection","inputs":{"host":{"connection":{"name":"@parameters('$connections')['shared_sharepointonline_1']['connectionId']"},"api":{"runtimeUrl":"https://unitedstates-002.azure-apim.net/apim/sharepointonline"}},"method":"patch","body":{"Title":"@body('Update_status_to_Pending_Approval')['Title']","Status":{"Value":"Rejected"},"Comments":"@variables('ApprovalResponses')","ApprovedDate":"@variables('ApprovalDate')"},"path":"/datasets/@{encodeURIComponent(encodeURIComponent(variables('Teams Request Site name')))}/tables/@{encodeURIComponent(encodeURIComponent('Teams Requests'))}/items/@{encodeURIComponent(body('Update_status_to_Pending_Approval')?['ID'])}","authentication":"@parameters('$authentication')"}}}},"expression":{"equals":["@variables('ApprovalResponse')","Approve"]},"type":"If"}}},"expression":{"not":{"equals":["@body('Get_item_from_Team_Request_list')?['Status']?['Value']","Pending Approval"]}},"type":"If"},"Set_variable_ApprovalResponses":{"runAfter":{"Set_variable_GetItemsStatus":["Succeeded"]},"type":"SetVariable","inputs":{"name":"ApprovalResponses","value":"@{if(empty(body('Parse_JSON')?['data']?['approveComment']),body('Parse_JSON')?['data']?['rejectComment'],body('Parse_JSON')?['data']?['approveComment'])}"}},"Set_variable_ApprovalResponse":{"runAfter":{"Set_variable_ApprovalResponses":["Succeeded"]},"type":"SetVariable","inputs":{"name":"ApprovalResponse","value":"@body('Parse_JSON')?['submitActionId']"}},"Set_ApprovalDate":{"runAfter":{"Set_variable_ApprovalResponse":["Succeeded"]},"type":"SetVariable","inputs":{"name":"ApprovalDate","value":"@body('Parse_JSON')?['responseTime']"}},"Get_item_from_Team_Request_list":{"runAfter":{"Parse_JSON":["Succeeded"]},"metadata":{"flowSystemMetadata":{"swaggerOperationId":"GetItem"}},"type":"ApiConnection","inputs":{"host":{"connection":{"name":"@parameters('$connections')['shared_sharepointonline_1']['connectionId']"},"api":{"runtimeUrl":"https://unitedstates-002.azure-apim.net/apim/sharepointonline"}},"method":"get","path":"/datasets/@{encodeURIComponent(encodeURIComponent(variables('Teams Request Site name')))}/tables/@{encodeURIComponent(encodeURIComponent('Teams Requests'))}/items/@{encodeURIComponent(triggerBody()?['ID'])}","authentication":"@parameters('$authentication')"}},"Set_variable_GetItemsStatus":{"runAfter":{"Get_item_from_Team_Request_list":["Succeeded"]},"type":"SetVariable","inputs":{"name":"GetItemsStatus","value":"@{toLower(body('Get_item_from_Team_Request_list')?['Status']?['Value'])}"}},"Condition":{"actions":{"Set_variable":{"runAfter":{},"type":"SetVariable","inputs":{"name":"GetItemsStatus","value":"approved"}}},"runAfter":{"Set_ApprovalDate":["Succeeded"]},"else":{"actions":{"Set_variable_2":{"runAfter":{},"type":"SetVariable","inputs":{"name":"GetItemsStatus","value":"rejected"}}}},"expression":{"or":[{"equals":["@variables('GetItemsStatus')","approved"]},{"equals":["@variables('GetItemsStatus')","team creation"]},{"equals":["@variables('GetItemsStatus')","team created"]},{"equals":["@variables('GetItemsStatus')","team creation failed"]}]},"type":"If"}},"runAfter":{"Update_status_to_Pending_Approval":["Succeeded"]},"else":{"actions":{"Post_an_Adaptive_Card_to_a_Teams_user_and_wait_for_a_response":{"runAfter":{},"metadata":{"flowSystemMetadata":{"swaggerOperationId":"SubscribeUserFlowContinuation"}},"type":"ApiConnectionWebhook","inputs":{"host":{"connection":{"name":"@parameters('$connections')['shared_teams_1']['connectionId']"},"api":{"runtimeUrl":"https://unitedstates-002.azure-apim.net/apim/teams"}},"body":{"notificationUrl":"@{listCallbackUrl()}","body":{"recipient":{"to":"@{variables('Admin mail id')};"},"messageBody":"{ \n    \"type\": \"AdaptiveCard\",\n    \"body\": [\n        {\n            \"type\": \"TextBlock\",\n            \"size\": \"Large\",\n            \"weight\": \"Bolder\",\n            \"text\": \"Pending Approval\"\n        },\n        {\n            \"type\": \"ColumnSet\",\n            \"columns\": [\n                {\n                    \"type\": \"Column\",\n                    \"items\": [\n                        {\n                            \"type\": \"FactSet\",\n                            \"facts\": [\n                                {\n                                    \"title\": \"**Requested by:**\",\n                                    \"value\": \"@{triggerBody()?['Author']?['DisplayName']}\"\n                                },\n                                {\n                                    \"title\": \"**Date created:** \",\n                                    \"value\": \"@{formatDateTime(triggerBody()?['Created'],'F')} UTC \"\n                                }\n                            \n                            ],\n                            \"spacing\": \"Large\"\n                        }\n                    ],\n                    \"width\": \"stretch\"\n                }\n            ]\n        },\n        {\n            \"type\": \"ColumnSet\",\n            \"columns\": [\n                {\n                    \"type\": \"Column\",\n                    \"width\": \"95px\",\n                    \"spacing\": \"Medium\",\n                    \"items\": [\n                        {\n                            \"type\": \"TextBlock\",\n                            \"text\": \" \"\n                        }\n                    ]\n                },\n                {\n                    \"type\": \"Column\",\n                    \"items\": [\n                        {\n                            \"type\": \"TextBlock\",\n                            \"text\": \"**Team Name:** @{triggerBody()?['Title']}\",\n                            \"isSubtle\": true,\n                            \"wrap\": true\n                        },\n                        {\n                            \"type\": \"TextBlock\",\n                            \"text\": \"**Description:** @{triggerBody()?['TeamDescription']}\",\n                            \"isSubtle\": true,\n                            \"wrap\": true,\n                            \"spacing\": \"None\"\n                        },\n     \n                       \n                        {\n                            \"type\": \"TextBlock\",\n                            \"text\": \"**Business Justification:** @{triggerBody()?['BusinessJustification']}\",\n                            \"isSubtle\": true,\n                            \"wrap\": true,\n                            \"spacing\": \"None\"\n                        },\n        {\n                            \"type\": \"TextBlock\",\n                            \"text\": \"**Confidential data:** @{triggerBody()?['ConfidentialData']}\",\n                            \"isSubtle\": true,\n                            \"wrap\": true,\n                            \"spacing\": \"None\"\n                        },\n                        {\n                            \"type\": \"TextBlock\",\n                            \"text\": \"**Visibility:** @{triggerBody()?['Visibility']?['Value']}\",\n                            \"isSubtle\": true,\n                            \"wrap\": true,\n                            \"spacing\": \"None\"\n                        },\n                        {\n                            \"type\": \"TextBlock\",\n                            \"text\": \"**Template type:** @{triggerBody()?['TemplateTitle']}\",\n                            \"isSubtle\": true,\n                            \"wrap\": true,\n                            \"spacing\": \"None\"\n                        }\n                    ],\n                    \"width\": \"stretch\"\n                }\n            ],\n            \"spacing\": \"Small\"\n        }\n    ],\n    \"actions\": [\n        {\n            \"type\": \"Action.ShowCard\",\n            \"title\": \"Approve\",\n            \"card\": {\n                \"type\": \"AdaptiveCard\",\n                \"body\": [\n                    {\n                        \"type\": \"Input.Text\",\n                        \"id\": \"approveComment\",\n                        \"placeholder\": \"Add a comment\",\n                        \"isMultiline\": true\n                    }\n                ],\n                \"actions\": [\n                    {\n                        \"type\": \"Action.Submit\",\n                           \"id\":\"Approve\",\n                        \"title\": \"Submit\"\n                    }\n                ],\n                \"$schema\": \"http://adaptivecards.io/schemas/adaptive-card.json\"\n            }\n        },\n        {\n            \"type\": \"Action.ShowCard\",\n            \"title\": \"Reject\",\n            \"card\": {\n                \"type\": \"AdaptiveCard\",\n                \"body\": [\n                    {\n                        \"type\": \"Input.Text\",\n                        \"id\": \"rejectComment\",\n                        \"placeholder\": \"Add a comment\",\n                        \"isMultiline\": true\n                    }\n                ],\n                \"actions\": [\n                    {\n                        \"type\": \"Action.Submit\",\n                           \"id\":\"Reject\",\n                        \"title\": \"Submit\"\n                    }\n                ],\n                \"$schema\": \"http://adaptivecards.io/schemas/adaptive-card.json\"\n            }\n        }\n    ],\n    \"$schema\": \"http://adaptivecards.io/schemas/adaptive-card.json\",\n    \"version\": \"1.0\"\n}","updateMessage":"response submitted","shouldUpdateCard":true}},"path":"/flowbot/actions/flowcontinuation/recipienttypes/user/$subscriptions","authentication":"@parameters('$authentication')"}},"Parse_JSON_2":{"runAfter":{"Post_an_Adaptive_Card_to_a_Teams_user_and_wait_for_a_response":["Succeeded"]},"type":"ParseJson","inputs":{"content":"@body('Post_an_Adaptive_Card_to_a_Teams_user_and_wait_for_a_response')","schema":{"type":"object","properties":{"responseTime":{"type":"string"},"responder":{"type":"object","properties":{"objectId":{"type":"string"},"tenantId":{"type":"string"},"email":{"type":"string"},"userPrincipalName":{"type":"string"},"displayName":{"type":"string"}}},"submitActionId":{"type":"string"},"data":{"type":"object","properties":{"approveComment":{"type":"string"},"rejectComment":{"type":"string"}}}}}}},"Check_status_for_Approved_or_Rejected_from_Power_App_2":{"actions":{"Post_your_own_adaptive_card_as_the_Flow_bot_to_a_user":{"runAfter":{},"metadata":{"flowSystemMetadata":{"swaggerOperationId":"PostUserAdaptiveCard"}},"type":"ApiConnection","inputs":{"host":{"connection":{"name":"@parameters('$connections')['shared_teams_1']['connectionId']"},"api":{"runtimeUrl":"https://unitedstates-002.azure-apim.net/apim/teams"}},"method":"post","body":{"recipient":{"to":"@{variables('Admin mail id')};"},"messageBody":"{    \"type\": \"AdaptiveCard\",\n    \"body\": [\n        {\n            \"type\": \"TextBlock\",\n            \"size\": \"Large\",\n            \"weight\": \"Bolder\",\n            \"text\": \"Request  already @{variables('GetItemsStatus')}. No action needed.\"\n        },\n        {\n            \"type\": \"ColumnSet\",\n            \"columns\": [\n                {\n                    \"type\": \"Column\",\n                    \"items\": [\n                        {\n                            \"type\": \"FactSet\",\n                            \"facts\": [\n                                {\n                                    \"title\": \"**Requested by:**\",\n                                    \"value\": \"@{triggerBody()?['Author']?['DisplayName']}\"\n                                },\n                                {\n                                    \"title\": \"**Date created:** \",\n                                    \"value\": \"@{formatDateTime(triggerBody()?['Created'],'F')} UTC\"\n                                }\n                         \n                            ],\n                            \"spacing\": \"Large\"\n                        }\n                    ],\n                    \"width\": \"stretch\"\n                }\n            ]\n        },\n        {\n            \"type\": \"ColumnSet\",\n            \"columns\": [\n                {\n                    \"type\": \"Column\",\n                    \"width\": \"95px\",\n                    \"spacing\": \"Medium\",\n                    \"items\": [\n                        {\n                            \"type\": \"TextBlock\",\n                            \"text\": \" \"\n                        }\n                    ]\n                },\n                {\n                    \"type\": \"Column\",\n                    \"items\": [\n                        {\n                            \"type\": \"TextBlock\",\n                            \"text\": \"**Team Name:** @{triggerBody()?['Title']}\",\n                            \"isSubtle\": true,\n                            \"wrap\": true\n                        },\n                        {\n                            \"type\": \"TextBlock\",\n                            \"text\": \"**Description:** @{triggerBody()?['TeamDescription']}\",\n                            \"isSubtle\": true,\n                            \"wrap\": true,\n                            \"spacing\": \"None\"\n                        },\n                        {\n                            \"type\": \"TextBlock\",\n                            \"text\": \"**Requested date:** \",\n                            \"isSubtle\": true,\n                            \"wrap\": true,\n                            \"spacing\": \"None\"\n                        },\n                       \n                        {\n                            \"type\": \"TextBlock\",\n                            \"text\": \"**Business Justification:** @{triggerBody()?['BusinessJustification']}\",\n                            \"isSubtle\": true,\n                            \"wrap\": true,\n                            \"spacing\": \"None\"\n                        },\n        {\n                            \"type\": \"TextBlock\",\n                            \"text\": \"**Confidential data:** @{triggerBody()?['ConfidentialData']}\",\n                            \"isSubtle\": true,\n                            \"wrap\": true,\n                            \"spacing\": \"None\"\n                        },\n                        {\n                            \"type\": \"TextBlock\",\n                            \"text\": \"**Visibility:** @{triggerBody()?['Visibility']?['Value']}\",\n                            \"isSubtle\": true,\n                            \"wrap\": true,\n                            \"spacing\": \"None\"\n                        },\n                        {\n                            \"type\": \"TextBlock\",\n                            \"text\": \"**Template type:** @{triggerBody()?['TemplateTitle']}\",\n                            \"isSubtle\": true,\n                            \"wrap\": true,\n                            \"spacing\": \"None\"\n                        }\n                    ],\n                    \"width\": \"stretch\"\n                }\n            ],\n            \"spacing\": \"Small\"\n        }\n    ],\n    \"$schema\": \"http://adaptivecards.io/schemas/adaptive-card.json\",\n    \"version\": \"1.0\"\n}"},"path":"/flowbot/actions/adaptivecard/recipienttypes/user","authentication":"@parameters('$authentication')"}}},"runAfter":{"Condition_2":["Succeeded"]},"else":{"actions":{"Check_for_Approval_Status_from_Teams(Adaptive_Card)_2":{"actions":{"Update_status_to_Approved_2":{"runAfter":{},"metadata":{"flowSystemMetadata":{"swaggerOperationId":"PatchItem"}},"type":"ApiConnection","inputs":{"host":{"connection":{"name":"@parameters('$connections')['shared_sharepointonline_1']['connectionId']"},"api":{"runtimeUrl":"https://unitedstates-002.azure-apim.net/apim/sharepointonline"}},"method":"patch","body":{"Title":"@triggerBody()?['Title']","Status":{"Value":"Approved"},"Comments":"@variables('ApprovalResponses')","ApprovedDate":"@variables('ApprovalDate')"},"path":"/datasets/@{encodeURIComponent(encodeURIComponent(variables('Teams Request Site name')))}/tables/@{encodeURIComponent(encodeURIComponent('Teams Requests'))}/items/@{encodeURIComponent(triggerBody()?['ID'])}","authentication":"@parameters('$authentication')"}}},"runAfter":{},"else":{"actions":{"Update_status_to_Rejected_2":{"runAfter":{},"metadata":{"flowSystemMetadata":{"swaggerOperationId":"PatchItem"}},"type":"ApiConnection","inputs":{"host":{"connection":{"name":"@parameters('$connections')['shared_sharepointonline_1']['connectionId']"},"api":{"runtimeUrl":"https://unitedstates-002.azure-apim.net/apim/sharepointonline"}},"method":"patch","body":{"Title":"@triggerBody()?['Title']","Status":{"Value":"Rejected"},"Comments":"@variables('ApprovalResponses')","ApprovedDate":"@variables('ApprovalDate')"},"path":"/datasets/@{encodeURIComponent(encodeURIComponent(variables('Teams Request Site name')))}/tables/@{encodeURIComponent(encodeURIComponent('Teams Requests'))}/items/@{encodeURIComponent(triggerBody()?['ID'])}","authentication":"@parameters('$authentication')"}}}},"expression":{"equals":["@variables('ApprovalResponse')","Approve"]},"type":"If"}}},"expression":{"not":{"equals":["@body('Get_item_from_Team_Request_list_2')?['Status']?['Value']","Pending Approval"]}},"type":"If"},"Set_variable_ApprovalResponses_2":{"runAfter":{"Set_variable_GetItemsStatus_2":["Succeeded"]},"type":"SetVariable","inputs":{"name":"ApprovalResponses","value":"@{if(empty(body('Parse_JSON_2')?['data']?['approveComment']),body('Parse_JSON_2')?['data']?['rejectComment'],body('Parse_JSON_2')?['data']?['approveComment'])}"}},"Set_variable_ApprovalResponse_2":{"runAfter":{"Set_variable_ApprovalResponses_2":["Succeeded"]},"type":"SetVariable","inputs":{"name":"ApprovalResponse","value":"@body('Parse_JSON_2')?['submitActionId']"}},"Set_ApprovalDate_2":{"runAfter":{"Set_variable_ApprovalResponse_2":["Succeeded"]},"type":"SetVariable","inputs":{"name":"ApprovalDate","value":"@body('Parse_JSON_2')?['responseTime']"}},"Get_item_from_Team_Request_list_2":{"runAfter":{"Parse_JSON_2":["Succeeded"]},"metadata":{"flowSystemMetadata":{"swaggerOperationId":"GetItem"}},"type":"ApiConnection","inputs":{"host":{"connection":{"name":"@parameters('$connections')['shared_sharepointonline_1']['connectionId']"},"api":{"runtimeUrl":"https://unitedstates-002.azure-apim.net/apim/sharepointonline"}},"method":"get","path":"/datasets/@{encodeURIComponent(encodeURIComponent(variables('Teams Request Site name')))}/tables/@{encodeURIComponent(encodeURIComponent('Teams Requests'))}/items/@{encodeURIComponent(triggerBody()?['ID'])}","authentication":"@parameters('$authentication')"}},"Set_variable_GetItemsStatus_2":{"runAfter":{"Get_item_from_Team_Request_list_2":["Succeeded"]},"type":"SetVariable","inputs":{"name":"GetItemsStatus","value":"@{toLower(body('Get_item_from_Team_Request_list_2')?['Status']?['Value'])}"}},"Condition_2":{"actions":{"Set_variable_3":{"runAfter":{},"type":"SetVariable","inputs":{"name":"GetItemsStatus","value":"approved"}}},"runAfter":{"Set_ApprovalDate_2":["Succeeded"]},"else":{"actions":{"Set_variable_4":{"runAfter":{},"type":"SetVariable","inputs":{"name":"GetItemsStatus","value":"rejected"}}}},"expression":{"or":[{"equals":["@variables('GetItemsStatus')","approved"]},{"equals":["@variables('GetItemsStatus')","team creation"]},{"equals":["@variables('GetItemsStatus')","team created"]},{"equals":["@variables('GetItemsStatus')","team creation failed"]}]},"type":"If"}}},"expression":{"and":[{"equals":["@empty(variables('TeamID'))","@false"]},{"equals":["@empty(variables('ChannelID'))","@false"]}]},"type":"If"},"Update_status_to_Pending_Approval":{"runAfter":{"Loop_through_Owners":["Succeeded"]},"metadata":{"flowSystemMetadata":{"swaggerOperationId":"PatchItem"}},"type":"ApiConnection","inputs":{"host":{"connection":{"name":"@parameters('$connections')['shared_sharepointonline_1']['connectionId']"},"api":{"runtimeUrl":"https://unitedstates-002.azure-apim.net/apim/sharepointonline"}},"method":"patch","body":{"Title":"@triggerBody()?['Title']","Status":{"Value":"Pending Approval"}},"path":"/datasets/@{encodeURIComponent(encodeURIComponent(variables('Teams Request Site name')))}/tables/@{encodeURIComponent(encodeURIComponent('Teams Requests'))}/items/@{encodeURIComponent(triggerBody()?['ID'])}","authentication":"@parameters('$authentication')"}},"Initialize_GetItemStatus":{"runAfter":{"Initialize_ApprovalResponses_variable":["Succeeded"]},"type":"InitializeVariable","inputs":{"variables":[{"name":"GetItemsStatus","type":"string","value":"@triggerBody()?['Status']?['Value']"}]}},"Teams_Request_Site":{"runAfter":{},"type":"InitializeVariable","inputs":{"variables":[{"name":"Teams Request Site name","type":"string","value":"https://m365x023142.sharepoint.com/sites/RequestateamApp"}]}},"Admin_mail_id":{"runAfter":{"Teams_Request_Site":["Succeeded"]},"type":"InitializeVariable","inputs":{"variables":[{"name":"Admin mail id","type":"string","value":"admin@M365x023142.onmicrosoft.com"}]}}}},"connectionReferences":{"shared_sharepointonline_1":{"connectionName":"714868dc94894dc7a6f88a68cfe79648","source":"Embedded","id":"/providers/Microsoft.PowerApps/apis/shared_sharepointonline","tier":"NotSpecified"},"shared_teams_1":{"connectionName":"shared-teams-4045fba9-325d-421f-a1de-c9130c32ad7c","source":"Embedded","id":"/providers/Microsoft.PowerApps/apis/shared_teams","tier":"NotSpecified"},"shared_teams":{"connectionName":"7cc9603cd064473e834e984004ead57c","source":"Embedded","id":"/providers/Microsoft.PowerApps/apis/shared_teams","tier":"NotSpecified"},"shared_sharepointonline":{"connectionName":"714868dc94894dc7a6f88a68cfe79648","source":"Embedded","id":"/providers/Microsoft.PowerApps/apis/shared_sharepointonline","tier":"NotSpecified"}},"flowFailureAlertSubscribed":false}}