{"name":"7f537cef-4e02-47e3-a4cf-f7228d26af0e","id":"/providers/Microsoft.Flow/flows/7f537cef-4e02-47e3-a4cf-f7228d26af0e","type":"Microsoft.Flow/flows","properties":{"apiId":"/providers/Microsoft.PowerApps/apis/shared_logicflows","displayName":"Check Team Availability","definition":{"metadata":{"workflowEntityId":null,"processAdvisorMetadata":null,"flowclientsuspensionreason":"None","flowclientsuspensiontime":null,"creator":{"id":"be7f6a61-71ec-4e63-8609-3e2cb740dc75","type":"User","tenantId":"32292181-0169-456b-b0a4-95fa4c5773a4"},"provisioningMethod":"FromDefinition","failureAlertSubscription":true,"clientLastModifiedTime":"2022-03-24T10:19:24.7637406Z"},"$schema":"https://schema.management.azure.com/providers/Microsoft.Logic/schemas/2016-06-01/workflowdefinition.json#","contentVersion":"1.0.0.0","parameters":{"$connections":{"defaultValue":{},"type":"Object"},"$authentication":{"defaultValue":{},"type":"SecureObject"}},"triggers":{"manual":{"metadata":{"operationMetadataId":"09e6bcbe-b8a6-4261-8782-25a51e27277e"},"type":"Request","kind":"PowerApp","inputs":{"schema":{"type":"object","properties":{"InitializeSiteURLvariable_Value":{"type":"string","description":"Enter initial value","x-ms-powerflows-param-ispartial":false},"InitializeCreatedByvariable_Value":{"type":"string","description":"Enter initial value","x-ms-powerflows-param-ispartial":false},"InitializeMailboxAliasvariable_Value":{"type":"string","description":"Enter initial value","x-ms-powerflows-param-ispartial":false}},"required":["InitializeSiteURLvariable_Value","InitializeCreatedByvariable_Value","InitializeMailboxAliasvariable_Value"]}}}},"actions":{"Initialize_Site_URL_variable":{"runAfter":{"Teams_Request_Site_URL":["Succeeded"]},"metadata":{"operationMetadataId":"dd1bdf51-71aa-41ee-a60f-6b2093a1eea2"},"type":"InitializeVariable","inputs":{"variables":[{"name":"SiteURL","type":"String","value":"@{triggerBody()['InitializeSiteURLvariable_Value']}"}]}},"Initialize_CreatedBy_variable":{"runAfter":{"Initialize_Site_URL_variable":["Succeeded"]},"metadata":{"operationMetadataId":"115b200d-4cb9-4e2b-9d61-8368d6240195"},"type":"InitializeVariable","inputs":{"variables":[{"name":"CreatedBy","type":"String","value":"@{triggerBody()['InitializeCreatedByvariable_Value']}"}]}},"Initialize_RequestExists_variable":{"runAfter":{"Initialize_TeamExists_variable":["Succeeded"]},"metadata":{"operationMetadataId":"c9807e6c-b793-42ae-b013-4b4f15629ad4"},"type":"InitializeVariable","inputs":{"variables":[{"name":"RequestExists","type":"Boolean","value":"@false"}]}},"Initialize_IsCurrentUserRequest_variable":{"runAfter":{"Initialize_RequestExists_variable":["Succeeded"]},"metadata":{"operationMetadataId":"16b6125a-b0e9-466a-8ec9-3d4dcd2abe79"},"type":"InitializeVariable","inputs":{"variables":[{"name":"IsCurrentUserRequest","type":"Boolean","value":"@false"}]}},"Check_if_site_exists_-_SP_API":{"runAfter":{"Initialize_IsCurrentUserRequest_variable":["Succeeded"]},"metadata":{"flowSystemMetadata":{"swaggerOperationId":"HttpRequest"},"operationMetadataId":"8d3dc82c-c3b6-42ca-9e8e-f4953239b9dc"},"type":"ApiConnection","inputs":{"host":{"connection":{"name":"@json(decodeBase64(triggerOutputs().headers['X-MS-APIM-Tokens']))['$connections']['shared_sharepointonline']['connectionId']"},"api":{"runtimeUrl":"https://uk-001.azure-apim.net/apim/sharepointonline"}},"method":"post","body":{"method":"POST","uri":"_api/SP.Site.Exists","headers":{"accept":"application/json"},"body":"{\n\"url\":\"@{variables('SiteURL')}\"\n}"},"path":"/datasets/@{encodeURIComponent(encodeURIComponent(variables('TeamsRequestSiteURL')))}/httprequest","authentication":{"type":"Raw","value":"@json(decodeBase64(triggerOutputs().headers['X-MS-APIM-Tokens']))['$ConnectionKey']"}}},"Parse_JSON":{"runAfter":{"Check_if_site_exists_-_SP_API":["Succeeded"]},"metadata":{"operationMetadataId":"ebbce022-ffee-4b9e-b7f9-a09613b88985"},"type":"ParseJson","inputs":{"content":"@body('Check_if_site_exists_-_SP_API')","schema":{"type":"object","properties":{"odata.metadata":{"type":"string"},"value":{"type":"boolean"}}}}},"Check_site_exists_response":{"actions":{"Check_for_existing_requests_matching_URL":{"runAfter":{},"metadata":{"flowSystemMetadata":{"swaggerOperationId":"GetItems"},"operationMetadataId":"4b6bd378-f3cf-4e1c-8080-7436b3ac1276"},"type":"ApiConnection","inputs":{"host":{"connection":{"name":"@json(decodeBase64(triggerOutputs().headers['X-MS-APIM-Tokens']))['$connections']['shared_sharepointonline']['connectionId']"},"api":{"runtimeUrl":"https://uk-001.azure-apim.net/apim/sharepointonline"}},"method":"get","path":"/datasets/@{encodeURIComponent(encodeURIComponent(variables('TeamsRequestSiteURL')))}/tables/@{encodeURIComponent(encodeURIComponent('Teams Requests'))}/items","queries":{"$filter":"MailboxAlias eq '@{variables('MailboxAlias')}'"},"authentication":{"type":"Raw","value":"@json(decodeBase64(triggerOutputs().headers['X-MS-APIM-Tokens']))['$ConnectionKey']"}}},"Apply_to_each":{"foreach":"@body('Check_for_existing_requests_matching_URL')?['value']","actions":{"Check_if_request_is_created_by_current_user":{"actions":{"Set_RequestExists_variable":{"runAfter":{},"metadata":{"operationMetadataId":"62541321-7cb5-4355-83f5-bbc786e82bef"},"type":"SetVariable","inputs":{"name":"RequestExists","value":"@true"}}},"runAfter":{},"else":{"actions":{"Set_RequestExists_variable_-_current_user":{"runAfter":{},"metadata":{"operationMetadataId":"b2a55fc4-eab8-4195-8d7a-7ef4de4255f1"},"type":"SetVariable","inputs":{"name":"RequestExists","value":"@true"}},"Set_IsCurrentUserRequest_variable":{"runAfter":{"Set_RequestExists_variable_-_current_user":["Succeeded"]},"metadata":{"operationMetadataId":"6ccec30f-010e-4a3d-b38d-102566c59f2c"},"type":"SetVariable","inputs":{"name":"IsCurrentUserRequest","value":"@true"}}}},"expression":{"not":{"equals":["@items('Apply_to_each')?['Author']","@variables('CreatedBy')"]}},"metadata":{"operationMetadataId":"b54fc6e2-84f4-4ded-a30c-5053d0c29fcf"},"type":"If"}},"runAfter":{"Check_for_existing_requests_matching_URL":["Succeeded"]},"metadata":{"operationMetadataId":"155aaf50-2aad-401e-a346-c66ea22cdf2c"},"type":"Foreach"}},"runAfter":{"Parse_JSON":["Succeeded"]},"else":{"actions":{"Set_TeamExists_variable":{"runAfter":{},"metadata":{"operationMetadataId":"8bf90da3-1fe1-415d-b5cf-2b9989cc2e58"},"type":"SetVariable","inputs":{"name":"TeamExists","value":"@true"}}}},"expression":{"equals":["@body('Parse_JSON')?['value']","@false"]},"metadata":{"operationMetadataId":"d2396af5-dfac-46e1-a822-35dce532e8ac"},"type":"If"},"Respond_to_a_PowerApp_or_flow":{"runAfter":{"Check_site_exists_response":["Succeeded"]},"metadata":{"operationMetadataId":"f74e98a2-9b8c-42e8-bf88-9df68cc608f6"},"type":"Response","kind":"PowerApp","inputs":{"statusCode":200,"body":{"teamexists":"@{variables('TeamExists')}","requestexists":"@{variables('RequestExists')}","iscurrentuserrequest":"@{variables('IsCurrentUserRequest')}"},"schema":{"type":"object","properties":{"teamexists":{"title":"TeamExists","x-ms-dynamically-added":true,"type":"string"},"requestexists":{"title":"RequestExists","x-ms-dynamically-added":true,"type":"string"},"iscurrentuserrequest":{"title":"IsCurrentUserRequest","x-ms-dynamically-added":true,"type":"string"}}}}},"Initialize_TeamExists_variable":{"runAfter":{"Initialize_MailboxAlias_variable":["Succeeded"]},"metadata":{"operationMetadataId":"caf8f631-ebc4-4e1e-8be6-a742c3df610b"},"type":"InitializeVariable","inputs":{"variables":[{"name":"TeamExists","type":"Boolean","value":"@false"}]}},"Initialize_MailboxAlias_variable":{"runAfter":{"Initialize_CreatedBy_variable":["Succeeded"]},"metadata":{"operationMetadataId":"95fcc744-8d8e-4ca8-9aea-1d5f1f190c6a"},"type":"InitializeVariable","inputs":{"variables":[{"name":"MailboxAlias","type":"string","value":"@{triggerBody()['InitializeMailboxAliasvariable_Value']}"}]}},"Teams_Request_Site_URL":{"runAfter":{},"metadata":{"operationMetadataId":"335471b2-28a1-43e6-958c-533d2c77d2b1"},"type":"InitializeVariable","inputs":{"variables":[{"name":"TeamsRequestSiteURL","type":"string","value":"https://m365x765471.sharepoint.com/sites/RequestateamappDevelopment"}]}}}},"connectionReferences":{"shared_sharepointonline":{"connectionName":"0c43331dd47d408186f1d27fde7b4211","source":"Invoker","id":"/providers/Microsoft.PowerApps/apis/shared_sharepointonline","tier":"NotSpecified"}},"flowFailureAlertSubscribed":false,"isManaged":false}}