{"name":"8df13be0-24e7-489f-a457-027beb094f1e","id":"/providers/Microsoft.Flow/flows/8df13be0-24e7-489f-a457-027beb094f1e","type":"Microsoft.Flow/flows","properties":{"apiId":"/providers/Microsoft.PowerApps/apis/shared_logicflows","displayName":"Check Team Availability","definition":{"metadata":{"workflowEntityId":null,"creator":{"id":"0e7e0fc1-6b1d-4942-9134-ff0f1eb0ebcc","type":"User","tenantId":"34b955cb-5ad9-4daf-b94d-9a234739b382"},"provisioningMethod":"FromDefinition","failureAlertSubscription":true,"clientLastModifiedTime":"2020-04-30T17:08:38.1331627Z"},"$schema":"https://schema.management.azure.com/providers/Microsoft.Logic/schemas/2016-06-01/workflowdefinition.json#","contentVersion":"1.0.0.0","parameters":{"$connections":{"defaultValue":{},"type":"Object"},"$authentication":{"defaultValue":{},"type":"SecureObject"}},"triggers":{"manual":{"type":"Request","kind":"PowerApp","inputs":{"schema":{"type":"object","properties":{"InitializeSiteURLvariable_Value":{"type":"string","description":"Enter initial value","x-ms-powerflows-param-ispartial":false},"InitializeCreatedByvariable_Value":{"type":"string","description":"Enter initial value","x-ms-powerflows-param-ispartial":false},"InitializeTeamAliasvariable_Value":{"type":"string","description":"Enter initial value","x-ms-powerflows-param-ispartial":false}},"required":["InitializeSiteURLvariable_Value","InitializeCreatedByvariable_Value","InitializeTeamAliasvariable_Value"]}}}},"actions":{"Initialize_Site_URL_variable":{"runAfter":{},"type":"InitializeVariable","inputs":{"variables":[{"name":"SiteURL","type":"String","value":"@{triggerBody()['InitializeSiteURLvariable_Value']}"}]}},"Initialize_CreatedBy_variable":{"runAfter":{"Initialize_Site_URL_variable":["Succeeded"]},"type":"InitializeVariable","inputs":{"variables":[{"name":"CreatedBy","type":"String","value":"@{triggerBody()['InitializeCreatedByvariable_Value']}"}]}},"Initialize_TeamAlias_variable":{"runAfter":{"Initialize_CreatedBy_variable":["Succeeded"]},"type":"InitializeVariable","inputs":{"variables":[{"name":"TeamAlias","type":"String","value":"@{triggerBody()['InitializeTeamAliasvariable_Value']}"}]}},"Initialize_RequestExists_variable":{"runAfter":{"Initialize_TeamExists_variable":["Succeeded"]},"type":"InitializeVariable","inputs":{"variables":[{"name":"RequestExists","type":"Boolean","value":"@false"}]}},"Initialize_IsCurrentUserRequest_variable":{"runAfter":{"Initialize_RequestExists_variable":["Succeeded"]},"type":"InitializeVariable","inputs":{"variables":[{"name":"IsCurrentUserRequest","type":"Boolean","value":"@false"}]}},"Check_if_site_exists_-_SP_API":{"runAfter":{"Initialize_IsCurrentUserRequest_variable":["Succeeded"]},"metadata":{"flowSystemMetadata":{"swaggerOperationId":"HttpRequest"}},"type":"ApiConnection","inputs":{"host":{"connection":{"name":"@json(decodeBase64(triggerOutputs().headers['X-MS-APIM-Tokens']))['$connections']['shared_sharepointonline']['connectionId']"},"api":{"runtimeUrl":"https://unitedstates-002.azure-apim.net/apim/sharepointonline"}},"method":"post","body":{"method":"POST","uri":"_api/SP.Site.Exists","headers":{"accept":"application/json"},"body":"{\n\"url\":\"@{variables('SiteURL')}\"\n}"},"path":"/datasets/@{encodeURIComponent(encodeURIComponent('https://m365x023142.sharepoint.com/sites/RequestateamApp'))}/httprequest","authentication":{"type":"Raw","value":"@json(decodeBase64(triggerOutputs().headers['X-MS-APIM-Tokens']))['$ConnectionKey']"}}},"Parse_JSON":{"runAfter":{"Check_if_site_exists_-_SP_API":["Succeeded"]},"type":"ParseJson","inputs":{"content":"@body('Check_if_site_exists_-_SP_API')","schema":{"type":"object","properties":{"odata.metadata":{"type":"string"},"value":{"type":"boolean"}}}}},"Check_site_exists_response":{"actions":{"Check_for_existing_requests_matching_URL":{"runAfter":{},"metadata":{"flowSystemMetadata":{"swaggerOperationId":"GetItems"}},"type":"ApiConnection","inputs":{"host":{"connection":{"name":"@json(decodeBase64(triggerOutputs().headers['X-MS-APIM-Tokens']))['$connections']['shared_sharepointonline']['connectionId']"},"api":{"runtimeUrl":"https://unitedstates-002.azure-apim.net/apim/sharepointonline"}},"method":"get","path":"/datasets/@{encodeURIComponent(encodeURIComponent('https://m365x023142.sharepoint.com/sites/RequestateamApp'))}/tables/@{encodeURIComponent(encodeURIComponent('Teams Requests'))}/items","queries":{"$filter":"TeamAlias eq '@{variables('TeamAlias')}'"},"authentication":{"type":"Raw","value":"@json(decodeBase64(triggerOutputs().headers['X-MS-APIM-Tokens']))['$ConnectionKey']"}}},"Apply_to_each":{"foreach":"@body('Check_for_existing_requests_matching_URL')?['value']","actions":{"Check_if_request_is_created_by_current_user":{"actions":{"Set_RequestExists_variable":{"runAfter":{},"type":"SetVariable","inputs":{"name":"RequestExists","value":"@true"}}},"runAfter":{},"else":{"actions":{"Set_RequestExists_variable_-_current_user":{"runAfter":{},"type":"SetVariable","inputs":{"name":"RequestExists","value":"@true"}},"Set_IsCurrentUserRequest_variable":{"runAfter":{"Set_RequestExists_variable_-_current_user":["Succeeded"]},"type":"SetVariable","inputs":{"name":"IsCurrentUserRequest","value":"@true"}}}},"expression":{"not":{"equals":["@items('Apply_to_each')?['Author']","@variables('CreatedBy')"]}},"type":"If"}},"runAfter":{"Check_for_existing_requests_matching_URL":["Succeeded"]},"type":"Foreach"}},"runAfter":{"Parse_JSON":["Succeeded"]},"else":{"actions":{"Set_TeamExists_variable":{"runAfter":{},"type":"SetVariable","inputs":{"name":"TeamExists","value":"@true"}}}},"expression":{"equals":["@body('Parse_JSON')?['value']","@false"]},"type":"If"},"Respond_to_a_PowerApp_or_flow":{"runAfter":{"Check_site_exists_response":["Succeeded"]},"type":"Response","kind":"PowerApp","inputs":{"statusCode":200,"body":{"teamexists":"@{variables('TeamExists')}","requestexists":"@{variables('RequestExists')}","iscurrentuserrequest":"@{variables('IsCurrentUserRequest')}"},"schema":{"type":"object","properties":{"teamexists":{"title":"TeamExists","x-ms-dynamically-added":true,"type":"string"},"requestexists":{"title":"RequestExists","x-ms-dynamically-added":true,"type":"string"},"iscurrentuserrequest":{"title":"IsCurrentUserRequest","x-ms-dynamically-added":true,"type":"string"}}}}},"Initialize_TeamExists_variable":{"runAfter":{"Initialize_TeamAlias_variable":["Succeeded"]},"type":"InitializeVariable","inputs":{"variables":[{"name":"TeamExists","type":"Boolean","value":"@false"}]}}}},"connectionReferences":{"shared_sharepointonline":{"connectionName":"714868dc94894dc7a6f88a68cfe79648","source":"Invoker","id":"/providers/Microsoft.PowerApps/apis/shared_sharepointonline","tier":"NotSpecified"}},"flowFailureAlertSubscribed":false}}