{"schemaVersion":"1.0","appDefinitionTemplate":{"id":"/providers/Microsoft.PowerApps/apps/","type":"Microsoft.PowerApps/apps","tags":{"primaryDeviceWidth":"1366","primaryDeviceHeight":"768","sienaVersion":"20230303T144657Z-3.23023.21.0","deviceCapabilities":"","supportsPortrait":"true","supportsLandscape":"true","primaryFormFactor":"Tablet","publisherVersion":"3.23023.21","minimumRequiredApiVersion":"2.2.0","hasComponent":"true","hasUnlockedComponent":"true","isUnifiedRootApp":"false"},"properties":{"appVersion":"2023-03-03T14:46:57Z","lifeCycleId":"Published","createdByClientVersion":{"major":3,"minor":23023,"build":21,"revision":0,"majorRevision":0,"minorRevision":0},"minClientVersion":{"major":3,"minor":23023,"build":21,"revision":0,"majorRevision":0,"minorRevision":0},"backgroundColor":"rgba(104, 101, 171, 1)","backgroundImageUri":"/15528350162742978468/N7205ac9a-dfdf-4e0e-b681-3f71b7126070-logoSmallFile","displayName":"Request-a-team","description":"Request-a-team is an app that allows users to request the creation of Microsoft Teams Teams.","commitMessage":"","appUris":{"documentUri":{"value":"/15528350162742978468/N58d47019-199f-475f-bac2-8e26002988e9-document.msapp"},"imageUris":[],"additionalUris":[]},"createdTime":"0001-01-01T00:00:00Z","lastModifiedTime":"0001-01-01T00:00:00Z","sharedGroupsCount":0,"sharedUsersCount":0,"connectionReferences":{"6a7e807d-7bfb-475c-99cf-6148ca656f97":{"id":"68498893-6daa-4587-a701-240ca27eff9d","displayName":"Office 365 Users","iconUri":"https://connectoricons-prod.azureedge.net/releases/v1.0.1618/1.0.1618.3179/office365users/icon.png","dataSources":["Office365Users"],"dependencies":[],"dependents":[],"parameterHints":{},"parameterHintsV2":{},"isOnPremiseConnection":false,"bypassConsent":false,"dataSets":{},"apiTier":"Standard","isCustomApiConnection":false,"actions":["MyProfile","UserPhotoV2","MyProfileV2"]},"d1b3e3ba-3495-4c78-9688-a62e2d62a897":{"id":"186fca12-832d-4052-adec-86b1930ed6a8","displayName":"Office 365 Groups","iconUri":"https://connectoricons-prod.azureedge.net/releases/v1.0.1621/1.0.1621.3191/office365groups/icon.png","dataSources":["Office365Groups"],"dependencies":[],"dependents":[],"parameterHints":{},"parameterHintsV2":{},"isOnPremiseConnection":false,"bypassConsent":false,"dataSets":{},"apiTier":"Standard","isCustomApiConnection":false,"actions":["ListGroupMembers"]},"00159c7f-3216-46f4-8ab1-063b6d3d7008":{"id":"1d779051-2da9-4368-9368-fd38d50312b0","displayName":"Office 365 Outlook","iconUri":"https://connectoricons-prod.azureedge.net/releases/v1.0.1618/1.0.1618.3179/office365/icon.png","dataSources":["Office365Outlook"],"dependencies":[],"dependents":[],"parameterHints":{},"parameterHintsV2":{},"isOnPremiseConnection":false,"bypassConsent":false,"dataSets":{},"apiTier":"Standard","isCustomApiConnection":false},"90c87698-d95c-47df-9868-85ec81088dc4":{"id":"dd66a3d1-fb7e-431b-838c-39bfa529bd8f","displayName":"SharePoint","iconUri":"https://connectoricons-prod.azureedge.net/u/juanq/gateway/greyhound/3000.150.11/1.0.1613.3116/sharepointonline/icon.png","dataSources":["Team Request Settings","IP Labels","Teams Requests","Teams Templates"],"dependencies":[],"dependents":["c8b8c2ed-59ea-4c51-a8db-1c3783da77bc"],"parameterHints":{},"parameterHintsV2":{},"isOnPremiseConnection":false,"bypassConsent":false,"dataSets":{"https://m365x765471.sharepoint.com/sites/RequestateamappDevelopment":{"dataSources":{"Team Request Settings":{"tableName":"226610b3-8342-4d35-b991-f952e4519cf0"},"IP Labels":{"tableName":"7c6a66f6-285e-414a-93e0-b778a7ced531"},"Teams Requests":{"tableName":"42966618-0581-42b8-8990-42a1a0f577b3"},"Teams Templates":{"tableName":"a079de17-7ce6-4e3d-9439-33aab6eeac3f"}}}},"apiTier":"Standard","isCustomApiConnection":false,"actions":["providers/PowerPlatform.Governance/Operations/Read"]},"c8b8c2ed-59ea-4c51-a8db-1c3783da77bc":{"id":"0b164192-7516-4273-9107-778720d9f982","displayName":"Logic flows","iconUri":"https://connectoricons-prod.azureedge.net/releases/v1.0.1615/1.0.1615.3163/logicflows/icon.png","dataSources":["CheckTeamAvailability"],"dependencies":["90c87698-d95c-47df-9868-85ec81088dc4"],"dependents":[],"parameterHints":{"workflowName":{"value":"fd17e8ac-5a6b-4e14-9851-a7d3f69a4985"},"workflowEntityId":{},"90c87698-d95c-47df-9868-85ec81088dc4":{"value":"shared_sharepointonline"}},"parameterHintsV2":{"workflowName":{"value":"fd17e8ac-5a6b-4e14-9851-a7d3f69a4985"},"workflowEntityId":{},"shared_sharepointonline":{"value":"90c87698-d95c-47df-9868-85ec81088dc4"}},"isOnPremiseConnection":false,"bypassConsent":false,"dataSets":{},"apiTier":"Standard","isCustomApiConnection":false,"actions":["Run"]}},"databaseReferences":{},"almMode":"Environment","performanceOptimizationEnabled":true,"canConsumeAppPass":true,"enableModernRuntimeMode":false,"executionRestrictions":{"isTeamsOnly":false,"dataLossPreventionEvaluationResult":{"status":"Compliant","lastEvaluationDate":"2022-02-14T18:51:39.8754712Z","violations":[],"violationsByPolicy":[],"violationErrorMessage":"The app uses the following connectors: shared_office365users, shared_office365groups, shared_office365, shared_sharepointonline, shared_logicflows."},"httpActionRestriction":{"appUsesSharepointHttpAction":false,"enforcementStrategy":"Legacy","evaluationTime":"2022-02-14T18:51:39.8754712Z"}}},"appType":"ClassicCanvasApp","appComponents":[]}}